"Month","Avg. Players","Gain","% Gain","Peak Players","Game","Genre"
"March 2022",38288.82,"-1055.84","-2.68%",64639,"Sid Meier's Civilization VI","Singleplayer"
"February 2022",39344.66,"-2364.15","-5.67%",61321,"Sid Meier's Civilization VI","Singleplayer"
"January 2022",41708.81,"7682.62","+22.58%",64436,"Sid Meier's Civilization VI","Singleplayer"
"December 2021",34026.19,"2208.66","+6.94%",52505,"Sid Meier's Civilization VI","Singleplayer"
"November 2021",31817.53,"1462.04","+4.82%",54447,"Sid Meier's Civilization VI","Singleplayer"
"October 2021",30355.5,"-8278.61","-21.43%",50982,"Sid Meier's Civilization VI","Singleplayer"
"September 2021",38634.11,"7203.65","+22.92%",71565,"Sid Meier's Civilization VI","Singleplayer"
"August 2021",31430.46,"-3794.54","-10.77%",49218,"Sid Meier's Civilization VI","Singleplayer"
"July 2021",35225,"5580.48","+18.82%",65677,"Sid Meier's Civilization VI","Singleplayer"
"June 2021",29644.52,"-1304.14","-4.21%",45842,"Sid Meier's Civilization VI","Singleplayer"
"May 2021",30948.66,"-4043.99","-11.56%",49509,"Sid Meier's Civilization VI","Singleplayer"
"April 2021",34992.65,"559.52","+1.62%",59532,"Sid Meier's Civilization VI","Singleplayer"
"March 2021",34433.13,"-7281.99","-17.46%",64220,"Sid Meier's Civilization VI","Singleplayer"
"February 2021",41715.13,"4983.63","+13.57%",68161,"Sid Meier's Civilization VI","Singleplayer"
"January 2021",36731.49,"3914.54","+11.93%",65951,"Sid Meier's Civilization VI","Singleplayer"
"December 2020",32816.95,"-1129.47","-3.33%",55126,"Sid Meier's Civilization VI","Singleplayer"
"November 2020",33946.42,"1452.50","+4.47%",53338,"Sid Meier's Civilization VI","Singleplayer"
"October 2020",32493.92,"1354.84","+4.35%",54203,"Sid Meier's Civilization VI","Singleplayer"
"September 2020",31139.08,"-2571.89","-7.63%",54546,"Sid Meier's Civilization VI","Singleplayer"
"August 2020",33710.97,"-3933.71","-10.45%",53037,"Sid Meier's Civilization VI","Singleplayer"
"July 2020",37644.69,"-2154.36","-5.41%",64392,"Sid Meier's Civilization VI","Singleplayer"
"June 2020",39799.04,"-1993.32","-4.77%",60936,"Sid Meier's Civilization VI","Singleplayer"
"May 2020",41792.36,"-1765.87","-4.05%",76439,"Sid Meier's Civilization VI","Singleplayer"
"April 2020",43558.23,"7723.30","+21.55%",70298,"Sid Meier's Civilization VI","Singleplayer"
"March 2020",35834.93,"5763.98","+19.17%",66455,"Sid Meier's Civilization VI","Singleplayer"
"February 2020",30070.95,"-2674.58","-8.17%",49558,"Sid Meier's Civilization VI","Singleplayer"
"January 2020",32745.53,"3065.72","+10.33%",55195,"Sid Meier's Civilization VI","Singleplayer"
"December 2019",29679.81,"6039.46","+25.55%",51209,"Sid Meier's Civilization VI","Singleplayer"
"November 2019",23640.35,"-1313.73","-5.26%",42632,"Sid Meier's Civilization VI","Singleplayer"
"October 2019",24954.09,"3111.15","+14.24%",44349,"Sid Meier's Civilization VI","Singleplayer"
"September 2019",21842.94,"-902.99","-3.97%",36440,"Sid Meier's Civilization VI","Singleplayer"
"August 2019",22745.93,"-3271.54","-12.57%",35714,"Sid Meier's Civilization VI","Singleplayer"
"July 2019",26017.47,"4154.07","+19.00%",42115,"Sid Meier's Civilization VI","Singleplayer"
"June 2019",21863.4,"-1882.91","-7.93%",38968,"Sid Meier's Civilization VI","Singleplayer"
"May 2019",23746.31,"-528.74","-2.18%",40585,"Sid Meier's Civilization VI","Singleplayer"
"April 2019",24275.05,"-10844.22","-30.88%",43605,"Sid Meier's Civilization VI","Singleplayer"
"March 2019",35119.27,"-6576.34","-15.77%",64714,"Sid Meier's Civilization VI","Singleplayer"
"February 2019",41695.61,"14974.43","+56.04%",93889,"Sid Meier's Civilization VI","Singleplayer"
"January 2019",26721.18,"-35.43","-0.13%",47654,"Sid Meier's Civilization VI","Singleplayer"
"December 2018",26756.61,"6289.73","+30.73%",47729,"Sid Meier's Civilization VI","Singleplayer"
"November 2018",20466.88,"2404.33","+13.31%",44167,"Sid Meier's Civilization VI","Singleplayer"
"October 2018",18062.55,"1244.77","+7.40%",31109,"Sid Meier's Civilization VI","Singleplayer"
"September 2018",16817.78,"213.42","+1.29%",36267,"Sid Meier's Civilization VI","Singleplayer"
"August 2018",16604.36,"-1048.80","-5.94%",27635,"Sid Meier's Civilization VI","Singleplayer"
"July 2018",17653.15,"1157.91","+7.02%",28117,"Sid Meier's Civilization VI","Singleplayer"
"June 2018",16495.24,"-682.83","-3.97%",28232,"Sid Meier's Civilization VI","Singleplayer"
"May 2018",17178.07,"-1280.49","-6.94%",30006,"Sid Meier's Civilization VI","Singleplayer"
"April 2018",18458.56,"-4938.30","-21.11%",31934,"Sid Meier's Civilization VI","Singleplayer"
"March 2018",23396.86,"-9986.38","-29.91%",42674,"Sid Meier's Civilization VI","Singleplayer"
"February 2018",33383.23,"8888.35","+36.29%",79739,"Sid Meier's Civilization VI","Singleplayer"
"January 2018",24494.88,"4338.61","+21.52%",42773,"Sid Meier's Civilization VI","Singleplayer"
"December 2017",20156.27,"3851.41","+23.62%",35057,"Sid Meier's Civilization VI","Singleplayer"
"November 2017",16304.86,"1121.16","+7.38%",28877,"Sid Meier's Civilization VI","Singleplayer"
"October 2017",15183.7,"1124.40","+8.00%",30229,"Sid Meier's Civilization VI","Singleplayer"
"September 2017",14059.3,"-1604.66","-10.24%",25116,"Sid Meier's Civilization VI","Singleplayer"
"August 2017",15663.95,"-726.34","-4.43%",27107,"Sid Meier's Civilization VI","Singleplayer"
"July 2017",16390.29,"1914.55","+13.23%",29988,"Sid Meier's Civilization VI","Singleplayer"
"June 2017",14475.75,"-985.71","-6.38%",26115,"Sid Meier's Civilization VI","Singleplayer"
"May 2017",15461.46,"-996.54","-6.06%",27893,"Sid Meier's Civilization VI","Singleplayer"
"April 2017",16457.99,"-1035.04","-5.92%",29569,"Sid Meier's Civilization VI","Singleplayer"
"March 2017",17493.03,"-1061.33","-5.72%",31826,"Sid Meier's Civilization VI","Singleplayer"
"February 2017",18554.36,"-4243.96","-18.62%",34856,"Sid Meier's Civilization VI","Singleplayer"
"January 2017",22798.32,"-1650.43","-6.75%",44417,"Sid Meier's Civilization VI","Singleplayer"
"December 2016",24448.75,"-15833.81","-39.31%",41959,"Sid Meier's Civilization VI","Singleplayer"
"November 2016",40282.56,"-45651.68","-53.12%",84765,"Sid Meier's Civilization VI","Singleplayer"
"October 2016",85934.24,"-","-",162314,"Sid Meier's Civilization VI","Singleplayer"
"March 2022",581489.69,"-53148.71","-8.37%",987993,"Counter-Strike GO","Multiplayer"
"February 2022",634638.4,"32262.13","+5.36%",995163,"Counter-Strike GO","Multiplayer"
"January 2022",602376.27,"55762.08","+10.20%",991625,"Counter-Strike GO","Multiplayer"
"December 2021",546614.19,"-1547.48","-0.28%",950586,"Counter-Strike GO","Multiplayer"
"November 2021",548161.67,"35725.82","+6.97%",935593,"Counter-Strike GO","Multiplayer"
"October 2021",512435.85,"84.93","+0.02%",864966,"Counter-Strike GO","Multiplayer"
"September 2021",512350.92,"268.96","+0.05%",942519,"Counter-Strike GO","Multiplayer"
"August 2021",512081.96,"6014.60","+1.19%",802544,"Counter-Strike GO","Multiplayer"
"July 2021",506067.36,"-43279.72","-7.88%",763523,"Counter-Strike GO","Multiplayer"
"June 2021",549347.08,"-110541.81","-16.75%",929940,"Counter-Strike GO","Multiplayer"
"May 2021",659888.89,"-63457.63","-8.77%",1087197,"Counter-Strike GO","Multiplayer"
"April 2021",723346.52,"-17581.31","-2.37%",1148077,"Counter-Strike GO","Multiplayer"
"March 2021",740927.82,"-85.42","-0.01%",1198581,"Counter-Strike GO","Multiplayer"
"February 2021",741013.24,"-2196.42","-0.30%",1123485,"Counter-Strike GO","Multiplayer"
"January 2021",743209.66,"25405.91","+3.54%",1124553,"Counter-Strike GO","Multiplayer"
"December 2020",717803.75,"49049.17","+7.33%",1164396,"Counter-Strike GO","Multiplayer"
"November 2020",668754.58,"55087.89","+8.98%",1037464,"Counter-Strike GO","Multiplayer"
"October 2020",613666.69,"6816.37","+1.12%",943876,"Counter-Strike GO","Multiplayer"
"September 2020",606850.32,"-33107.34","-5.17%",977769,"Counter-Strike GO","Multiplayer"
"August 2020",639957.66,"14056.85","+2.25%",925348,"Counter-Strike GO","Multiplayer"
"July 2020",625900.81,"-45746.65","-6.81%",857560,"Counter-Strike GO","Multiplayer"
"June 2020",671647.46,"-97147.79","-12.64%",1009467,"Counter-Strike GO","Multiplayer"
"May 2020",768795.25,"-88808.97","-10.36%",1193359,"Counter-Strike GO","Multiplayer"
"April 2020",857604.22,"186570.94","+27.80%",1305714,"Counter-Strike GO","Multiplayer"
"March 2020",671033.29,"127054.13","+23.36%",1145972,"Counter-Strike GO","Multiplayer"
"February 2020",543979.15,"42783.15","+8.54%",916996,"Counter-Strike GO","Multiplayer"
"January 2020",501196,"44494.44","+9.74%",817229,"Counter-Strike GO","Multiplayer"
"December 2019",456701.56,"30620.76","+7.19%",767060,"Counter-Strike GO","Multiplayer"
"November 2019",426080.81,"17085.50","+4.18%",758412,"Counter-Strike GO","Multiplayer"
"October 2019",408995.31,"-1930.29","-0.47%",747937,"Counter-Strike GO","Multiplayer"
"September 2019",410925.6,"-4171.70","-1.00%",720052,"Counter-Strike GO","Multiplayer"
"August 2019",415097.3,"21314.48","+5.41%",647461,"Counter-Strike GO","Multiplayer"
"July 2019",393782.83,"4406.10","+1.13%",578933,"Counter-Strike GO","Multiplayer"
"June 2019",389376.72,"24959.42","+6.85%",587724,"Counter-Strike GO","Multiplayer"
"May 2019",364417.31,"12427.39","+3.53%",588453,"Counter-Strike GO","Multiplayer"
"April 2019",351989.92,"-38250.24","-9.80%",621614,"Counter-Strike GO","Multiplayer"
"March 2019",390240.16,"18881.20","+5.08%",680071,"Counter-Strike GO","Multiplayer"
"February 2019",371358.96,"-30007.91","-7.48%",654069,"Counter-Strike GO","Multiplayer"
"January 2019",401366.87,"5857.61","+1.48%",684511,"Counter-Strike GO","Multiplayer"
"December 2018",395509.26,"85423.83","+27.55%",746548,"Counter-Strike GO","Multiplayer"
"November 2018",310085.43,"-15822.39","-4.85%",546031,"Counter-Strike GO","Multiplayer"
"October 2018",325907.82,"-7256.17","-2.18%",565968,"Counter-Strike GO","Multiplayer"
"September 2018",333163.99,"49632.68","+17.51%",583029,"Counter-Strike GO","Multiplayer"
"August 2018",283531.31,"10224.05","+3.74%",454370,"Counter-Strike GO","Multiplayer"
"July 2018",273307.26,"6445.02","+2.42%",426008,"Counter-Strike GO","Multiplayer"
"June 2018",266862.24,"4691.36","+1.79%",420261,"Counter-Strike GO","Multiplayer"
"May 2018",262170.88,"-26905.82","-9.31%",454481,"Counter-Strike GO","Multiplayer"
"April 2018",289076.7,"-65193.64","-18.40%",523262,"Counter-Strike GO","Multiplayer"
"March 2018",354270.33,"-28186.77","-7.37%",672502,"Counter-Strike GO","Multiplayer"
"February 2018",382457.1,"426.57","+0.11%",686588,"Counter-Strike GO","Multiplayer"
"January 2018",382030.53,"41153.65","+12.07%",715850,"Counter-Strike GO","Multiplayer"
"December 2017",340876.88,"19745.48","+6.15%",598405,"Counter-Strike GO","Multiplayer"
"November 2017",321131.4,"-20729.86","-6.06%",601881,"Counter-Strike GO","Multiplayer"
"October 2017",341861.26,"-12540.83","-3.54%",639968,"Counter-Strike GO","Multiplayer"
"September 2017",354402.09,"-20023.60","-5.35%",665371,"Counter-Strike GO","Multiplayer"
"August 2017",374425.69,"-3163.35","-0.84%",595781,"Counter-Strike GO","Multiplayer"
"July 2017",377589.04,"3201.00","+0.85%",624785,"Counter-Strike GO","Multiplayer"
"June 2017",374388.04,"2558.70","+0.69%",614621,"Counter-Strike GO","Multiplayer"
"May 2017",371829.34,"-20369.85","-5.19%",692966,"Counter-Strike GO","Multiplayer"
"April 2017",392199.19,"5290.47","+1.37%",709841,"Counter-Strike GO","Multiplayer"
"March 2017",386908.72,"-15476.99","-3.85%",742356,"Counter-Strike GO","Multiplayer"
"February 2017",402385.71,"9276.18","+2.36%",744468,"Counter-Strike GO","Multiplayer"
"January 2017",393109.53,"50913.83","+14.88%",814616,"Counter-Strike GO","Multiplayer"
"December 2016",342195.7,"13150.44","+4.00%",662460,"Counter-Strike GO","Multiplayer"
"November 2016",329045.26,"-4031.20","-1.21%",627124,"Counter-Strike GO","Multiplayer"
"October 2016",333076.46,"10550.57","+3.27%",661985,"Counter-Strike GO","Multiplayer"
"September 2016",322525.89,"-24703.36","-7.11%",638360,"Counter-Strike GO","Multiplayer"
"August 2016",347229.25,"-6548.31","-1.85%",599095,"Counter-Strike GO","Multiplayer"
"July 2016",353777.56,"19466.50","+5.82%",636056,"Counter-Strike GO","Multiplayer"
"June 2016",334311.06,"-4427.34","-1.31%",579110,"Counter-Strike GO","Multiplayer"
"May 2016",338738.39,"-37057.47","-9.86%",668612,"Counter-Strike GO","Multiplayer"
"April 2016",375795.87,"-3631.08","-0.96%",850485,"Counter-Strike GO","Multiplayer"
"March 2016",379426.95,"3141.92","+0.83%",737599,"Counter-Strike GO","Multiplayer"
"February 2016",376285.02,"10913.93","+2.99%",738969,"Counter-Strike GO","Multiplayer"
"January 2016",365371.09,"-12076.02","-3.20%",667432,"Counter-Strike GO","Multiplayer"
"December 2015",377447.11,"16521.23","+4.58%",823694,"Counter-Strike GO","Multiplayer"
"November 2015",360925.88,"-1840.21","-0.51%",786707,"Counter-Strike GO","Multiplayer"
"October 2015",362766.09,"6860.76","+1.93%",732093,"Counter-Strike GO","Multiplayer"
"September 2015",355905.33,"-1629.91","-0.46%",725939,"Counter-Strike GO","Multiplayer"
"August 2015",357535.24,"28002.87","+8.50%",819902,"Counter-Strike GO","Multiplayer"
"July 2015",329532.38,"-14623.63","-4.25%",541181,"Counter-Strike GO","Multiplayer"
"June 2015",344156.01,"26869.72","+8.47%",610401,"Counter-Strike GO","Multiplayer"
"May 2015",317286.29,"25537.55","+8.75%",677701,"Counter-Strike GO","Multiplayer"
"April 2015",291748.74,"23752.43","+8.86%",568556,"Counter-Strike GO","Multiplayer"
"March 2015",267996.31,"28061.68","+11.70%",595439,"Counter-Strike GO","Multiplayer"
"February 2015",239934.64,"5863.96","+2.51%",455508,"Counter-Strike GO","Multiplayer"
"January 2015",234070.68,"50481.18","+27.50%",443188,"Counter-Strike GO","Multiplayer"
"December 2014",183589.5,"36260.43","+24.61%",367634,"Counter-Strike GO","Multiplayer"
"November 2014",147329.07,"13791.37","+10.33%",348018,"Counter-Strike GO","Multiplayer"
"October 2014",133537.7,"2503.02","+1.91%",260613,"Counter-Strike GO","Multiplayer"
"September 2014",131034.68,"-2151.11","-1.62%",242494,"Counter-Strike GO","Multiplayer"
"August 2014",133185.79,"27047.79","+25.48%",277192,"Counter-Strike GO","Multiplayer"
"July 2014",106138,"21974.38","+26.11%",193613,"Counter-Strike GO","Multiplayer"
"June 2014",84163.62,"-761.40","-0.90%",164134,"Counter-Strike GO","Multiplayer"
"May 2014",84925.02,"6044.49","+7.66%",170137,"Counter-Strike GO","Multiplayer"
"April 2014",78880.53,"8737.20","+12.46%",142526,"Counter-Strike GO","Multiplayer"
"March 2014",70143.33,"10351.96","+17.31%",164495,"Counter-Strike GO","Multiplayer"
"February 2014",59791.37,"4164.01","+7.49%",119764,"Counter-Strike GO","Multiplayer"
"January 2014",55627.35,"8839.08","+18.89%",102084,"Counter-Strike GO","Multiplayer"
"December 2013",46788.27,"16897.75","+56.53%",96298,"Counter-Strike GO","Multiplayer"
"November 2013",29890.52,"1988.38","+7.13%",92279,"Counter-Strike GO","Multiplayer"
"October 2013",27902.14,"223.23","+0.81%",53263,"Counter-Strike GO","Multiplayer"
"September 2013",27678.91,"1717.06","+6.61%",52052,"Counter-Strike GO","Multiplayer"
"August 2013",25961.85,"5469.33","+26.69%",50511,"Counter-Strike GO","Multiplayer"
"July 2013",20492.52,"2372.68","+13.09%",42149,"Counter-Strike GO","Multiplayer"
"June 2013",18119.84,"-590.50","-3.16%",33700,"Counter-Strike GO","Multiplayer"
"May 2013",18710.34,"2704.34","+16.90%",53379,"Counter-Strike GO","Multiplayer"
"April 2013",16006,"46.11","+0.29%",31966,"Counter-Strike GO","Multiplayer"
"March 2013",15959.89,"-1412.84","-8.13%",32166,"Counter-Strike GO","Multiplayer"
"February 2013",17372.73,"1208.51","+7.48%",35238,"Counter-Strike GO","Multiplayer"
"January 2013",16164.22,"2084.83","+14.81%",31359,"Counter-Strike GO","Multiplayer"
"December 2012",14079.39,"-54.71","-0.39%",27553,"Counter-Strike GO","Multiplayer"
"November 2012",14134.1,"3394.62","+31.61%",50533,"Counter-Strike GO","Multiplayer"
"October 2012",10739.48,"-5261.27","-32.88%",20850,"Counter-Strike GO","Multiplayer"
"September 2012",16000.75,"525.36","+3.39%",36057,"Counter-Strike GO","Multiplayer"
"August 2012",15475.39,"14542.81","+1559.43%",52261,"Counter-Strike GO","Multiplayer"
"July 2012",932.57,"-","-",1642,"Counter-Strike GO","Multiplayer"
"March 2022",448723.6,"-1476.54","-0.33%",740784,"Dota 2","Multiplayer"
"February 2022",450200.14,"-35591.30","-7.33%",725851,"Dota 2","Multiplayer"
"January 2022",485791.43,"36494.07","+8.12%",786118,"Dota 2","Multiplayer"
"December 2021",449297.37,"436.83","+0.10%",756170,"Dota 2","Multiplayer"
"November 2021",448860.53,"-1900.91","-0.42%",747506,"Dota 2","Multiplayer"
"October 2021",450761.44,"59679.37","+15.26%",752482,"Dota 2","Multiplayer"
"September 2021",391082.08,"-33898.09","-7.98%",666838,"Dota 2","Multiplayer"
"August 2021",424980.17,"1823.99","+0.43%",699613,"Dota 2","Multiplayer"
"July 2021",423156.18,"1646.22","+0.39%",707406,"Dota 2","Multiplayer"
"June 2021",421509.96,"6365.00","+1.53%",734277,"Dota 2","Multiplayer"
"May 2021",415144.96,"1360.00","+0.33%",672307,"Dota 2","Multiplayer"
"April 2021",413784.97,"23372.21","+5.99%",705534,"Dota 2","Multiplayer"
"March 2021",390412.76,"-14419.37","-3.56%",648875,"Dota 2","Multiplayer"
"February 2021",404832.13,"-27839.52","-6.43%",651615,"Dota 2","Multiplayer"
"January 2021",432671.65,"10119.33","+2.39%",694613,"Dota 2","Multiplayer"
"December 2020",422552.32,"-3352.52","-0.79%",697833,"Dota 2","Multiplayer"
"November 2020",425904.83,"19543.48","+4.81%",711824,"Dota 2","Multiplayer"
"October 2020",406361.36,"-2248.43","-0.55%",723280,"Dota 2","Multiplayer"
"September 2020",408609.78,"-21107.34","-4.91%",670547,"Dota 2","Multiplayer"
"August 2020",429717.12,"-20496.87","-4.55%",666138,"Dota 2","Multiplayer"
"July 2020",450213.99,"-6970.43","-1.52%",712610,"Dota 2","Multiplayer"
"June 2020",457184.42,"-27004.60","-5.58%",733294,"Dota 2","Multiplayer"
"May 2020",484189.02,"-9111.25","-1.85%",793135,"Dota 2","Multiplayer"
"April 2020",493300.27,"56152.91","+12.85%",801121,"Dota 2","Multiplayer"
"March 2020",437147.36,"31168.71","+7.68%",743933,"Dota 2","Multiplayer"
"February 2020",405978.65,"27053.22","+7.14%",663812,"Dota 2","Multiplayer"
"January 2020",378925.43,"-5254.32","-1.37%",616415,"Dota 2","Multiplayer"
"December 2019",384179.76,"-17752.05","-4.42%",685165,"Dota 2","Multiplayer"
"November 2019",401931.8,"13575.94","+3.50%",708517,"Dota 2","Multiplayer"
"October 2019",388355.86,"-33615.38","-7.97%",739924,"Dota 2","Multiplayer"
"September 2019",421971.24,"-45177.05","-9.67%",753996,"Dota 2","Multiplayer"
"August 2019",467148.29,"2360.67","+0.51%",826690,"Dota 2","Multiplayer"
"July 2019",464787.61,"-42740.82","-8.42%",779160,"Dota 2","Multiplayer"
"June 2019",507528.44,"-40994.74","-7.47%",865374,"Dota 2","Multiplayer"
"May 2019",548523.18,"28304.20","+5.44%",997341,"Dota 2","Multiplayer"
"April 2019",520218.98,"-66286.87","-11.30%",971545,"Dota 2","Multiplayer"
"March 2019",586505.85,"21596.18","+3.82%",1033925,"Dota 2","Multiplayer"
"February 2019",564909.67,"89162.67","+18.74%",964921,"Dota 2","Multiplayer"
"January 2019",475747,"36379.17","+8.28%",874888,"Dota 2","Multiplayer"
"December 2018",439367.83,"-21705.66","-4.71%",765422,"Dota 2","Multiplayer"
"November 2018",461073.48,"29899.57","+6.93%",826053,"Dota 2","Multiplayer"
"October 2018",431173.91,"-35296.83","-7.57%",739643,"Dota 2","Multiplayer"
"September 2018",466470.74,"-9630.34","-2.02%",826166,"Dota 2","Multiplayer"
"August 2018",476101.08,"34386.73","+7.78%",829281,"Dota 2","Multiplayer"
"July 2018",441714.35,"-32185.65","-6.79%",701582,"Dota 2","Multiplayer"
"June 2018",473900,"-425.87","-0.09%",796886,"Dota 2","Multiplayer"
"May 2018",474325.87,"43984.93","+10.22%",844713,"Dota 2","Multiplayer"
"April 2018",430340.94,"-6921.40","-1.58%",733214,"Dota 2","Multiplayer"
"March 2018",437262.35,"-1585.37","-0.36%",773897,"Dota 2","Multiplayer"
"February 2018",438847.72,"-48014.20","-9.86%",779299,"Dota 2","Multiplayer"
"January 2018",486861.91,"-26212.42","-5.11%",778627,"Dota 2","Multiplayer"
"December 2017",513074.33,"25693.09","+5.27%",864939,"Dota 2","Multiplayer"
"November 2017",487381.24,"21254.45","+4.56%",861173,"Dota 2","Multiplayer"
"October 2017",466126.79,"-25323.37","-5.15%",832550,"Dota 2","Multiplayer"
"September 2017",491450.16,"-65046.14","-11.69%",829555,"Dota 2","Multiplayer"
"August 2017",556496.3,"58051.92","+11.65%",876395,"Dota 2","Multiplayer"
"July 2017",498444.38,"-56844.70","-10.24%",824297,"Dota 2","Multiplayer"
"June 2017",555289.07,"-12237.35","-2.16%",923122,"Dota 2","Multiplayer"
"May 2017",567526.42,"27248.39","+5.04%",972876,"Dota 2","Multiplayer"
"April 2017",540278.03,"-8157.41","-1.49%",921318,"Dota 2","Multiplayer"
"March 2017",548435.44,"-43131.81","-7.29%",956232,"Dota 2","Multiplayer"
"February 2017",591567.25,"11285.78","+1.94%",1040877,"Dota 2","Multiplayer"
"January 2017",580281.47,"-13639.13","-2.30%",1007451,"Dota 2","Multiplayer"
"December 2016",593920.6,"9669.27","+1.65%",1014671,"Dota 2","Multiplayer"
"November 2016",584251.33,"-55103.82","-8.62%",1007270,"Dota 2","Multiplayer"
"October 2016",639355.14,"16771.24","+2.69%",1141191,"Dota 2","Multiplayer"
"September 2016",622583.9,"-43429.15","-6.52%",1064377,"Dota 2","Multiplayer"
"August 2016",666013.05,"27800.40","+4.36%",1117519,"Dota 2","Multiplayer"
"July 2016",638212.65,"-2014.33","-0.31%",1084198,"Dota 2","Multiplayer"
"June 2016",640226.98,"16428.30","+2.63%",1095994,"Dota 2","Multiplayer"
"May 2016",623798.67,"-33145.70","-5.05%",1075307,"Dota 2","Multiplayer"
"April 2016",656944.37,"-15610.52","-2.32%",1164041,"Dota 2","Multiplayer"
"March 2016",672554.89,"-36623.36","-5.16%",1291328,"Dota 2","Multiplayer"
"February 2016",709178.26,"97003.48","+15.85%",1248394,"Dota 2","Multiplayer"
"January 2016",612174.78,"38830.53","+6.77%",1067949,"Dota 2","Multiplayer"
"December 2015",573344.25,"33807.92","+6.27%",999452,"Dota 2","Multiplayer"
"November 2015",539536.33,"17594.62","+3.37%",943635,"Dota 2","Multiplayer"
"October 2015",521941.72,"13784.86","+2.71%",917306,"Dota 2","Multiplayer"
"September 2015",508156.85,"-98787.12","-16.28%",888728,"Dota 2","Multiplayer"
"August 2015",606943.98,"51952.97","+9.36%",933942,"Dota 2","Multiplayer"
"July 2015",554991.01,"-13457.32","-2.37%",877264,"Dota 2","Multiplayer"
"June 2015",568448.32,"-11900.10","-2.05%",913997,"Dota 2","Multiplayer"
"May 2015",580348.42,"54286.70","+10.32%",967674,"Dota 2","Multiplayer"
"April 2015",526061.73,"-45651.42","-7.99%",929677,"Dota 2","Multiplayer"
"March 2015",571713.15,"-57257.26","-9.10%",1213940,"Dota 2","Multiplayer"
"February 2015",628970.41,"70466.07","+12.62%",1262612,"Dota 2","Multiplayer"
"January 2015",558504.33,"34564.01","+6.60%",961737,"Dota 2","Multiplayer"
"December 2014",523940.32,"-4849.48","-0.92%",936583,"Dota 2","Multiplayer"
"November 2014",528789.8,"33096.77","+6.68%",963810,"Dota 2","Multiplayer"
"October 2014",495693.04,"17694.59","+3.70%",880655,"Dota 2","Multiplayer"
"September 2014",477998.45,"-12885.44","-2.62%",864261,"Dota 2","Multiplayer"
"August 2014",490883.89,"-46134.77","-8.59%",774319,"Dota 2","Multiplayer"
"July 2014",537018.66,"23235.60","+4.52%",874975,"Dota 2","Multiplayer"
"June 2014",513783.06,"31395.81","+6.51%",833145,"Dota 2","Multiplayer"
"May 2014",482387.24,"60677.03","+14.39%",843024,"Dota 2","Multiplayer"
"April 2014",421710.21,"11954.66","+2.92%",734998,"Dota 2","Multiplayer"
"March 2014",409755.56,"-11358.65","-2.70%",698197,"Dota 2","Multiplayer"
"February 2014",421114.2,"27253.88","+6.92%",738682,"Dota 2","Multiplayer"
"January 2014",393860.32,"27253.83","+7.43%",673496,"Dota 2","Multiplayer"
"December 2013",366606.49,"18360.12","+5.27%",685503,"Dota 2","Multiplayer"
"November 2013",348246.37,"18568.73","+5.63%",702792,"Dota 2","Multiplayer"
"October 2013",329677.64,"17252.88","+5.52%",581615,"Dota 2","Multiplayer"
"September 2013",312424.76,"-18295.30","-5.53%",566715,"Dota 2","Multiplayer"
"August 2013",330720.07,"92919.98","+39.07%",520532,"Dota 2","Multiplayer"
"July 2013",237800.08,"27575.26","+13.12%",422617,"Dota 2","Multiplayer"
"June 2013",210224.82,"15860.98","+8.16%",326160,"Dota 2","Multiplayer"
"May 2013",194363.84,"19528.11","+11.17%",325815,"Dota 2","Multiplayer"
"April 2013",174835.73,"-6043.17","-3.34%",299667,"Dota 2","Multiplayer"
"March 2013",180878.9,"13905.93","+8.33%",325598,"Dota 2","Multiplayer"
"February 2013",166972.97,"19224.82","+13.01%",283870,"Dota 2","Multiplayer"
"January 2013",147748.14,"25823.72","+21.18%",260989,"Dota 2","Multiplayer"
"December 2012",121924.42,"20846.99","+20.62%",213521,"Dota 2","Multiplayer"
"November 2012",101077.43,"25111.99","+33.06%",169631,"Dota 2","Multiplayer"
"October 2012",75965.44,"14097.77","+22.79%",171860,"Dota 2","Multiplayer"
"September 2012",61867.68,"6099.07","+10.94%",118724,"Dota 2","Multiplayer"
"August 2012",55768.61,"3047.56","+5.78%",108689,"Dota 2","Multiplayer"
"July 2012",52721.05,"-","-",75041,"Dota 2","Multiplayer"
"March 2022",20779.15,"-2886.99","-12.20%",47618,"Eurotruck Simulator 2","Singleplayer"
"February 2022",23666.14,"-3647.31","-13.35%",50065,"Eurotruck Simulator 2","Singleplayer"
"January 2022",27313.45,"4678.76","+20.67%",56796,"Eurotruck Simulator 2","Singleplayer"
"December 2021",22634.69,"-921.40","-3.91%",49474,"Eurotruck Simulator 2","Singleplayer"
"November 2021",23556.09,"3389.43","+16.81%",51087,"Eurotruck Simulator 2","Singleplayer"
"October 2021",20166.66,"-135.54","-0.67%",48697,"Eurotruck Simulator 2","Singleplayer"
"September 2021",20302.21,"-129.46","-0.63%",43880,"Eurotruck Simulator 2","Singleplayer"
"August 2021",20431.67,"-1678.58","-7.59%",37986,"Eurotruck Simulator 2","Singleplayer"
"July 2021",22110.24,"1686.33","+8.26%",42335,"Eurotruck Simulator 2","Singleplayer"
"June 2021",20423.92,"-2493.35","-10.88%",41191,"Eurotruck Simulator 2","Singleplayer"
"May 2021",22917.26,"-2164.00","-8.63%",48629,"Eurotruck Simulator 2","Singleplayer"
"April 2021",25081.27,"4095.33","+19.51%",59999,"Eurotruck Simulator 2","Singleplayer"
"March 2021",20985.94,"-2652.00","-11.22%",46816,"Eurotruck Simulator 2","Singleplayer"
"February 2021",23637.94,"-452.10","-1.88%",51888,"Eurotruck Simulator 2","Singleplayer"
"January 2021",24090.05,"138.39","+0.58%",51312,"Eurotruck Simulator 2","Singleplayer"
"December 2020",23951.65,"3988.21","+19.98%",53896,"Eurotruck Simulator 2","Singleplayer"
"November 2020",19963.44,"837.38","+4.38%",44320,"Eurotruck Simulator 2","Singleplayer"
"October 2020",19126.06,"3283.56","+20.73%",42180,"Eurotruck Simulator 2","Singleplayer"
"September 2020",15842.5,"-1405.61","-8.15%",31409,"Eurotruck Simulator 2","Singleplayer"
"August 2020",17248.12,"-2371.38","-12.09%",34063,"Eurotruck Simulator 2","Singleplayer"
"July 2020",19619.5,"-189.44","-0.96%",34566,"Eurotruck Simulator 2","Singleplayer"
"June 2020",19808.94,"-1206.83","-5.74%",37543,"Eurotruck Simulator 2","Singleplayer"
"May 2020",21015.77,"-7651.53","-26.69%",43097,"Eurotruck Simulator 2","Singleplayer"
"April 2020",28667.3,"8116.51","+39.49%",60883,"Eurotruck Simulator 2","Singleplayer"
"March 2020",20550.79,"1775.40","+9.46%",52047,"Eurotruck Simulator 2","Singleplayer"
"February 2020",18775.39,"-108.86","-0.58%",41328,"Eurotruck Simulator 2","Singleplayer"
"January 2020",18884.25,"-2905.35","-13.33%",39419,"Eurotruck Simulator 2","Singleplayer"
"December 2019",21789.6,"5038.56","+30.08%",45971,"Eurotruck Simulator 2","Singleplayer"
"November 2019",16751.04,"1015.20","+6.45%",36287,"Eurotruck Simulator 2","Singleplayer"
"October 2019",15735.83,"1103.37","+7.54%",34019,"Eurotruck Simulator 2","Singleplayer"
"September 2019",14632.46,"-818.19","-5.30%",33390,"Eurotruck Simulator 2","Singleplayer"
"August 2019",15450.65,"-2149.90","-12.21%",32214,"Eurotruck Simulator 2","Singleplayer"
"July 2019",17600.56,"1305.97","+8.01%",34601,"Eurotruck Simulator 2","Singleplayer"
"June 2019",16294.59,"1277.21","+8.50%",30030,"Eurotruck Simulator 2","Singleplayer"
"May 2019",15017.38,"338.43","+2.31%",32452,"Eurotruck Simulator 2","Singleplayer"
"April 2019",14678.95,"-1366.42","-8.52%",30514,"Eurotruck Simulator 2","Singleplayer"
"March 2019",16045.36,"-1136.62","-6.62%",37381,"Eurotruck Simulator 2","Singleplayer"
"February 2019",17181.98,"-1986.44","-10.36%",40925,"Eurotruck Simulator 2","Singleplayer"
"January 2019",19168.42,"-949.16","-4.72%",40295,"Eurotruck Simulator 2","Singleplayer"
"December 2018",20117.58,"4522.63","+29.00%",47581,"Eurotruck Simulator 2","Singleplayer"
"November 2018",15594.96,"-149.20","-0.95%",40300,"Eurotruck Simulator 2","Singleplayer"
"October 2018",15744.16,"-642.74","-3.92%",34761,"Eurotruck Simulator 2","Singleplayer"
"September 2018",16386.89,"687.86","+4.38%",40451,"Eurotruck Simulator 2","Singleplayer"
"August 2018",15699.03,"-557.33","-3.43%",30993,"Eurotruck Simulator 2","Singleplayer"
"July 2018",16256.37,"687.25","+4.41%",30214,"Eurotruck Simulator 2","Singleplayer"
"June 2018",15569.11,"583.89","+3.90%",32186,"Eurotruck Simulator 2","Singleplayer"
"May 2018",14985.22,"2293.79","+18.07%",39336,"Eurotruck Simulator 2","Singleplayer"
"April 2018",12691.43,"-1279.23","-9.16%",27775,"Eurotruck Simulator 2","Singleplayer"
"March 2018",13970.67,"-1859.72","-11.75%",30031,"Eurotruck Simulator 2","Singleplayer"
"February 2018",15830.38,"-4148.10","-20.76%",33973,"Eurotruck Simulator 2","Singleplayer"
"January 2018",19978.48,"-1333.39","-6.26%",42693,"Eurotruck Simulator 2","Singleplayer"
"December 2017",21311.87,"7073.39","+49.68%",47951,"Eurotruck Simulator 2","Singleplayer"
"November 2017",14238.48,"2072.63","+17.04%",35993,"Eurotruck Simulator 2","Singleplayer"
"October 2017",12165.85,"-596.40","-4.67%",32404,"Eurotruck Simulator 2","Singleplayer"
"September 2017",12762.26,"-1008.57","-7.32%",27569,"Eurotruck Simulator 2","Singleplayer"
"August 2017",13770.82,"-2076.35","-13.10%",26139,"Eurotruck Simulator 2","Singleplayer"
"July 2017",15847.17,"2967.20","+23.04%",30656,"Eurotruck Simulator 2","Singleplayer"
"June 2017",12879.98,"-1245.63","-8.82%",28107,"Eurotruck Simulator 2","Singleplayer"
"May 2017",14125.61,"3162.61","+28.85%",41092,"Eurotruck Simulator 2","Singleplayer"
"April 2017",10963,"1322.42","+13.72%",24512,"Eurotruck Simulator 2","Singleplayer"
"March 2017",9640.58,"-1487.84","-13.37%",21277,"Eurotruck Simulator 2","Singleplayer"
"February 2017",11128.42,"-2916.80","-20.77%",24101,"Eurotruck Simulator 2","Singleplayer"
"January 2017",14045.22,"1394.70","+11.02%",31563,"Eurotruck Simulator 2","Singleplayer"
"December 2016",12650.52,"3022.76","+31.40%",30580,"Eurotruck Simulator 2","Singleplayer"
"November 2016",9627.76,"233.21","+2.48%",25918,"Eurotruck Simulator 2","Singleplayer"
"October 2016",9394.55,"788.77","+9.17%",20451,"Eurotruck Simulator 2","Singleplayer"
"September 2016",8605.78,"-939.84","-9.85%",18662,"Eurotruck Simulator 2","Singleplayer"
"August 2016",9545.62,"-741.32","-7.21%",17422,"Eurotruck Simulator 2","Singleplayer"
"July 2016",10286.94,"1370.78","+15.37%",20773,"Eurotruck Simulator 2","Singleplayer"
"June 2016",8916.16,"201.13","+2.31%",19399,"Eurotruck Simulator 2","Singleplayer"
"May 2016",8715.03,"1033.23","+13.45%",18897,"Eurotruck Simulator 2","Singleplayer"
"April 2016",7681.8,"-552.34","-6.71%",17611,"Eurotruck Simulator 2","Singleplayer"
"March 2016",8234.14,"-1448.35","-14.96%",17046,"Eurotruck Simulator 2","Singleplayer"
"February 2016",9682.49,"-3760.94","-27.98%",21205,"Eurotruck Simulator 2","Singleplayer"
"January 2016",13443.43,"1918.39","+16.65%",33173,"Eurotruck Simulator 2","Singleplayer"
"December 2015",11525.04,"2951.17","+34.42%",30310,"Eurotruck Simulator 2","Singleplayer"
"November 2015",8573.88,"545.38","+6.79%",23671,"Eurotruck Simulator 2","Singleplayer"
"October 2015",8028.5,"697.66","+9.52%",16940,"Eurotruck Simulator 2","Singleplayer"
"September 2015",7330.84,"-726.34","-9.01%",16108,"Eurotruck Simulator 2","Singleplayer"
"August 2015",8057.18,"463.21","+6.10%",15528,"Eurotruck Simulator 2","Singleplayer"
"July 2015",7593.97,"-1101.37","-12.67%",13984,"Eurotruck Simulator 2","Singleplayer"
"June 2015",8695.34,"782.70","+9.89%",21918,"Eurotruck Simulator 2","Singleplayer"
"May 2015",7912.64,"2538.68","+47.24%",17014,"Eurotruck Simulator 2","Singleplayer"
"April 2015",5373.96,"-72.59","-1.33%",11845,"Eurotruck Simulator 2","Singleplayer"
"March 2015",5446.55,"-792.30","-12.70%",11922,"Eurotruck Simulator 2","Singleplayer"
"February 2015",6238.86,"-1460.50","-18.97%",12517,"Eurotruck Simulator 2","Singleplayer"
"January 2015",7699.35,"-1030.97","-11.81%",20343,"Eurotruck Simulator 2","Singleplayer"
"December 2014",8730.33,"3595.88","+70.03%",21649,"Eurotruck Simulator 2","Singleplayer"
"November 2014",5134.44,"215.18","+4.37%",18306,"Eurotruck Simulator 2","Singleplayer"
"October 2014",4919.26,"533.71","+12.17%",11902,"Eurotruck Simulator 2","Singleplayer"
"September 2014",4385.56,"-270.11","-5.80%",9203,"Eurotruck Simulator 2","Singleplayer"
"August 2014",4655.67,"63.69","+1.39%",9470,"Eurotruck Simulator 2","Singleplayer"
"July 2014",4591.98,"291.26","+6.77%",9174,"Eurotruck Simulator 2","Singleplayer"
"June 2014",4300.72,"909.29","+26.81%",12269,"Eurotruck Simulator 2","Singleplayer"
"May 2014",3391.42,"1283.56","+60.89%",7423,"Eurotruck Simulator 2","Singleplayer"
"April 2014",2107.86,"530.78","+33.66%",6028,"Eurotruck Simulator 2","Singleplayer"
"March 2014",1577.08,"1.97","+0.13%",3071,"Eurotruck Simulator 2","Singleplayer"
"February 2014",1575.11,"-717.58","-31.30%",3282,"Eurotruck Simulator 2","Singleplayer"
"January 2014",2292.69,"-154.27","-6.30%",6410,"Eurotruck Simulator 2","Singleplayer"
"December 2013",2446.96,"1083.27","+79.44%",7102,"Eurotruck Simulator 2","Singleplayer"
"November 2013",1363.69,"159.28","+13.22%",5861,"Eurotruck Simulator 2","Singleplayer"
"October 2013",1204.41,"71.31","+6.29%",3962,"Eurotruck Simulator 2","Singleplayer"
"September 2013",1133.11,"96.04","+9.26%",2802,"Eurotruck Simulator 2","Singleplayer"
"August 2013",1037.07,"-328.58","-24.06%",2326,"Eurotruck Simulator 2","Singleplayer"
"July 2013",1365.65,"877.63","+179.83%",5165,"Eurotruck Simulator 2","Singleplayer"
"June 2013",488.02,"-129.96","-21.03%",977,"Eurotruck Simulator 2","Singleplayer"
"May 2013",617.98,"-165.64","-21.14%",1336,"Eurotruck Simulator 2","Singleplayer"
"April 2013",783.62,"-165.25","-17.42%",1944,"Eurotruck Simulator 2","Singleplayer"
"March 2013",948.87,"-55.05","-5.48%",2328,"Eurotruck Simulator 2","Singleplayer"
"February 2013",1003.92,"-231.38","-18.73%",2051,"Eurotruck Simulator 2","Singleplayer"
"January 2013",1235.3,"-","-",2837,"Eurotruck Simulator 2","Singleplayer"
"March 2022",17937.24,"-5360.91","-23.01%",29126,"Final Fantasy XIV Online","Cooperative"
"February 2022",23298.15,"-13316.64","-36.37%",42254,"Final Fantasy XIV Online","Cooperative"
"January 2022",36614.79,"-17114.38","-31.85%",65565,"Final Fantasy XIV Online","Cooperative"
"December 2021",53729.17,"27967.73","+108.56%",95102,"Final Fantasy XIV Online","Cooperative"
"November 2021",25761.44,"-969.97","-3.63%",42433,"Final Fantasy XIV Online","Cooperative"
"October 2021",26731.41,"-4783.12","-15.18%",42623,"Final Fantasy XIV Online","Cooperative"
"September 2021",31514.52,"-8787.06","-21.80%",52541,"Final Fantasy XIV Online","Cooperative"
"August 2021",40301.58,"2635.37","+7.00%",65329,"Final Fantasy XIV Online","Cooperative"
"July 2021",37666.21,"13948.29","+58.81%",67019,"Final Fantasy XIV Online","Cooperative"
"June 2021",23717.92,"2406.80","+11.29%",40067,"Final Fantasy XIV Online","Cooperative"
"May 2021",21311.11,"3409.79","+19.05%",37347,"Final Fantasy XIV Online","Cooperative"
"April 2021",17901.33,"751.45","+4.38%",30178,"Final Fantasy XIV Online","Cooperative"
"March 2021",17149.87,"-1732.82","-9.18%",27143,"Final Fantasy XIV Online","Cooperative"
"February 2021",18882.69,"1965.47","+11.62%",31117,"Final Fantasy XIV Online","Cooperative"
"January 2021",16917.22,"2166.13","+14.68%",24876,"Final Fantasy XIV Online","Cooperative"
"December 2020",14751.09,"2090.09","+16.51%",23767,"Final Fantasy XIV Online","Cooperative"
"November 2020",12661.01,"-2408.57","-15.98%",20458,"Final Fantasy XIV Online","Cooperative"
"October 2020",15069.57,"-3880.95","-20.48%",26240,"Final Fantasy XIV Online","Cooperative"
"September 2020",18950.52,"-1547.33","-7.55%",30188,"Final Fantasy XIV Online","Cooperative"
"August 2020",20497.85,"4730.57","+30.00%",34086,"Final Fantasy XIV Online","Cooperative"
"July 2020",15767.28,"362.76","+2.35%",24141,"Final Fantasy XIV Online","Cooperative"
"June 2020",15404.52,"-2611.23","-14.49%",24417,"Final Fantasy XIV Online","Cooperative"
"May 2020",18015.75,"931.40","+5.45%",26889,"Final Fantasy XIV Online","Cooperative"
"April 2020",17084.35,"2787.19","+19.49%",26373,"Final Fantasy XIV Online","Cooperative"
"March 2020",14297.16,"1241.48","+9.51%",23360,"Final Fantasy XIV Online","Cooperative"
"February 2020",13055.68,"2395.61","+22.47%",25612,"Final Fantasy XIV Online","Cooperative"
"January 2020",10660.06,"967.10","+9.98%",17465,"Final Fantasy XIV Online","Cooperative"
"December 2019",9692.96,"-1661.71","-14.63%",15898,"Final Fantasy XIV Online","Cooperative"
"November 2019",11354.67,"1661.26","+17.14%",19876,"Final Fantasy XIV Online","Cooperative"
"October 2019",9693.41,"-1720.47","-15.07%",17309,"Final Fantasy XIV Online","Cooperative"
"September 2019",11413.88,"-5303.24","-31.72%",21636,"Final Fantasy XIV Online","Cooperative"
"August 2019",16717.11,"-6388.33","-27.65%",30359,"Final Fantasy XIV Online","Cooperative"
"July 2019",23105.44,"8766.20","+61.13%",38909,"Final Fantasy XIV Online","Cooperative"
"June 2019",14339.24,"3411.51","+31.22%",41190,"Final Fantasy XIV Online","Cooperative"
"May 2019",10927.74,"1164.94","+11.93%",18625,"Final Fantasy XIV Online","Cooperative"
"April 2019",9762.8,"344.56","+3.66%",16750,"Final Fantasy XIV Online","Cooperative"
"March 2019",9418.24,"238.97","+2.60%",16535,"Final Fantasy XIV Online","Cooperative"
"February 2019",9179.27,"1101.69","+13.64%",15759,"Final Fantasy XIV Online","Cooperative"
"January 2019",8077.58,"1893.26","+30.61%",14841,"Final Fantasy XIV Online","Cooperative"
"December 2018",6184.32,"512.60","+9.04%",10222,"Final Fantasy XIV Online","Cooperative"
"November 2018",5671.72,"-124.35","-2.15%",10251,"Final Fantasy XIV Online","Cooperative"
"October 2018",5796.07,"-12.75","-0.22%",9691,"Final Fantasy XIV Online","Cooperative"
"September 2018",5808.82,"180.10","+3.20%",11328,"Final Fantasy XIV Online","Cooperative"
"August 2018",5628.72,"-1197.22","-17.54%",10272,"Final Fantasy XIV Online","Cooperative"
"July 2018",6825.94,"-54.94","-0.80%",11136,"Final Fantasy XIV Online","Cooperative"
"June 2018",6880.88,"533.54","+8.41%",11264,"Final Fantasy XIV Online","Cooperative"
"May 2018",6347.34,"-269.32","-4.07%",11172,"Final Fantasy XIV Online","Cooperative"
"April 2018",6616.66,"-805.98","-10.86%",10903,"Final Fantasy XIV Online","Cooperative"
"March 2018",7422.64,"-213.29","-2.79%",12630,"Final Fantasy XIV Online","Cooperative"
"February 2018",7635.94,"1672.84","+28.05%",12637,"Final Fantasy XIV Online","Cooperative"
"January 2018",5963.09,"514.20","+9.44%",10322,"Final Fantasy XIV Online","Cooperative"
"December 2017",5448.9,"-442.55","-7.51%",9105,"Final Fantasy XIV Online","Cooperative"
"November 2017",5891.44,"-1177.90","-16.66%",10329,"Final Fantasy XIV Online","Cooperative"
"October 2017",7069.35,"326.30","+4.84%",12435,"Final Fantasy XIV Online","Cooperative"
"September 2017",6743.04,"-1701.55","-20.15%",12412,"Final Fantasy XIV Online","Cooperative"
"August 2017",8444.6,"-3692.37","-30.42%",14218,"Final Fantasy XIV Online","Cooperative"
"July 2017",12136.97,"-309.35","-2.49%",22824,"Final Fantasy XIV Online","Cooperative"
"June 2017",12446.32,"5898.16","+90.07%",25599,"Final Fantasy XIV Online","Cooperative"
"May 2017",6548.16,"477.17","+7.86%",11853,"Final Fantasy XIV Online","Cooperative"
"April 2017",6070.98,"-652.49","-9.70%",10062,"Final Fantasy XIV Online","Cooperative"
"March 2017",6723.47,"-381.37","-5.37%",11780,"Final Fantasy XIV Online","Cooperative"
"February 2017",7104.84,"538.48","+8.20%",12450,"Final Fantasy XIV Online","Cooperative"
"January 2017",6566.36,"2337.02","+55.26%",11982,"Final Fantasy XIV Online","Cooperative"
"December 2016",4229.35,"-375.02","-8.14%",7820,"Final Fantasy XIV Online","Cooperative"
"November 2016",4604.36,"-812.85","-15.00%",8093,"Final Fantasy XIV Online","Cooperative"
"October 2016",5417.22,"1250.33","+30.01%",9210,"Final Fantasy XIV Online","Cooperative"
"September 2016",4166.88,"-86.61","-2.04%",7439,"Final Fantasy XIV Online","Cooperative"
"August 2016",4253.49,"-755.29","-15.08%",6789,"Final Fantasy XIV Online","Cooperative"
"July 2016",5008.78,"176.55","+3.65%",8946,"Final Fantasy XIV Online","Cooperative"
"June 2016",4832.23,"1025.60","+26.94%",8599,"Final Fantasy XIV Online","Cooperative"
"May 2016",3806.63,"-581.92","-13.26%",6549,"Final Fantasy XIV Online","Cooperative"
"April 2016",4388.55,"-849.33","-16.22%",7916,"Final Fantasy XIV Online","Cooperative"
"March 2016",5237.88,"170.49","+3.36%",9077,"Final Fantasy XIV Online","Cooperative"
"February 2016",5067.39,"129.40","+2.62%",9568,"Final Fantasy XIV Online","Cooperative"
"January 2016",4937.99,"779.20","+18.74%",9321,"Final Fantasy XIV Online","Cooperative"
"December 2015",4158.79,"-52.96","-1.26%",6638,"Final Fantasy XIV Online","Cooperative"
"November 2015",4211.75,"36.81","+0.88%",7086,"Final Fantasy XIV Online","Cooperative"
"October 2015",4174.94,"-461.42","-9.95%",7277,"Final Fantasy XIV Online","Cooperative"
"September 2015",4636.36,"-1392.47","-23.10%",7871,"Final Fantasy XIV Online","Cooperative"
"August 2015",6028.83,"-860.78","-12.49%",9941,"Final Fantasy XIV Online","Cooperative"
"July 2015",6889.61,"1239.22","+21.93%",11074,"Final Fantasy XIV Online","Cooperative"
"June 2015",5650.39,"1580.84","+38.85%",11905,"Final Fantasy XIV Online","Cooperative"
"May 2015",4069.55,"-54.64","-1.32%",6705,"Final Fantasy XIV Online","Cooperative"
"April 2015",4124.19,"-298.06","-6.74%",6740,"Final Fantasy XIV Online","Cooperative"
"March 2015",4422.25,"284.03","+6.86%",7349,"Final Fantasy XIV Online","Cooperative"
"February 2015",4138.22,"339.52","+8.94%",6897,"Final Fantasy XIV Online","Cooperative"
"January 2015",3798.7,"828.37","+27.89%",6587,"Final Fantasy XIV Online","Cooperative"
"December 2014",2970.32,"-388.90","-11.58%",4753,"Final Fantasy XIV Online","Cooperative"
"November 2014",3359.22,"821.77","+32.39%",6012,"Final Fantasy XIV Online","Cooperative"
"October 2014",2537.45,"11.32","+0.45%",5425,"Final Fantasy XIV Online","Cooperative"
"September 2014",2526.14,"-652.28","-20.52%",4729,"Final Fantasy XIV Online","Cooperative"
"August 2014",3178.42,"-165.86","-4.96%",4984,"Final Fantasy XIV Online","Cooperative"
"July 2014",3344.27,"1172.56","+53.99%",5263,"Final Fantasy XIV Online","Cooperative"
"June 2014",2171.71,"243.38","+12.62%",5723,"Final Fantasy XIV Online","Cooperative"
"May 2014",1928.34,"68.09","+3.66%",3276,"Final Fantasy XIV Online","Cooperative"
"April 2014",1860.24,"-660.24","-26.20%",3338,"Final Fantasy XIV Online","Cooperative"
"March 2014",2520.49,"-1057.32","-29.55%",6131,"Final Fantasy XIV Online","Cooperative"
"February 2014",3577.8,"-","-",7401,"Final Fantasy XIV Online","Cooperative"
"March 2022",82996.04,"-9519.56","-10.29%",147473,"Grand Theft Auto V","Cooperative"
"February 2022",92515.6,"-3937.22","-4.08%",155111,"Grand Theft Auto V","Cooperative"
"January 2022",96452.81,"5201.61","+5.70%",158823,"Grand Theft Auto V","Cooperative"
"December 2021",91251.21,"18034.14","+24.63%",173538,"Grand Theft Auto V","Cooperative"
"November 2021",73217.07,"189.72","+0.26%",136818,"Grand Theft Auto V","Cooperative"
"October 2021",73027.34,"-8204.86","-10.10%",136046,"Grand Theft Auto V","Cooperative"
"September 2021",81232.2,"-37668.37","-31.68%",151408,"Grand Theft Auto V","Cooperative"
"August 2021",118900.57,"5905.15","+5.23%",214591,"Grand Theft Auto V","Cooperative"
"July 2021",112995.42,"24080.02","+27.08%",218784,"Grand Theft Auto V","Cooperative"
"June 2021",88915.4,"4158.64","+4.91%",155599,"Grand Theft Auto V","Cooperative"
"May 2021",84756.76,"-7891.05","-8.52%",146011,"Grand Theft Auto V","Cooperative"
"April 2021",92647.8,"2854.96","+3.18%",178142,"Grand Theft Auto V","Cooperative"
"March 2021",89792.84,"-854.80","-0.94%",183227,"Grand Theft Auto V","Cooperative"
"February 2021",90647.64,"-10602.95","-10.47%",146438,"Grand Theft Auto V","Cooperative"
"January 2021",101250.59,"-5663.68","-5.30%",184941,"Grand Theft Auto V","Cooperative"
"December 2020",106914.27,"30195.93","+39.36%",258539,"Grand Theft Auto V","Cooperative"
"November 2020",76718.34,"9525.31","+14.18%",157355,"Grand Theft Auto V","Cooperative"
"October 2020",67193.03,"-854.00","-1.26%",128578,"Grand Theft Auto V","Cooperative"
"September 2020",68047.03,"-20351.33","-23.02%",126174,"Grand Theft Auto V","Cooperative"
"August 2020",88398.36,"4743.64","+5.67%",154677,"Grand Theft Auto V","Cooperative"
"July 2020",83654.72,"-16098.13","-16.14%",134093,"Grand Theft Auto V","Cooperative"
"June 2020",99752.85,"-41617.03","-29.44%",180302,"Grand Theft Auto V","Cooperative"
"May 2020",141369.88,"15283.15","+12.12%",260562,"Grand Theft Auto V","Cooperative"
"April 2020",126086.73,"9700.36","+8.33%",243284,"Grand Theft Auto V","Cooperative"
"March 2020",116386.37,"-26338.11","-18.45%",209493,"Grand Theft Auto V","Cooperative"
"February 2020",142724.48,"31424.28","+28.23%",267360,"Grand Theft Auto V","Cooperative"
"January 2020",111300.2,"13522.51","+13.83%",214796,"Grand Theft Auto V","Cooperative"
"December 2019",97777.69,"28934.76","+42.03%",204137,"Grand Theft Auto V","Cooperative"
"November 2019",68842.93,"10186.85","+17.37%",138540,"Grand Theft Auto V","Cooperative"
"October 2019",58656.08,"-7475.54","-11.30%",117002,"Grand Theft Auto V","Cooperative"
"September 2019",66131.62,"-31516.38","-32.28%",135072,"Grand Theft Auto V","Cooperative"
"August 2019",97648,"5030.39","+5.43%",176207,"Grand Theft Auto V","Cooperative"
"July 2019",92617.62,"35899.89","+63.30%",197555,"Grand Theft Auto V","Cooperative"
"June 2019",56717.73,"1307.21","+2.36%",109164,"Grand Theft Auto V","Cooperative"
"May 2019",55410.52,"6908.24","+14.24%",108557,"Grand Theft Auto V","Cooperative"
"April 2019",48502.28,"-11727.38","-19.47%",91586,"Grand Theft Auto V","Cooperative"
"March 2019",60229.66,"2105.44","+3.62%",126518,"Grand Theft Auto V","Cooperative"
"February 2019",58124.22,"-1726.98","-2.89%",119439,"Grand Theft Auto V","Cooperative"
"January 2019",59851.2,"4209.87","+7.57%",118210,"Grand Theft Auto V","Cooperative"
"December 2018",55641.33,"12631.96","+29.37%",120693,"Grand Theft Auto V","Cooperative"
"November 2018",43009.38,"-256.59","-0.59%",81360,"Grand Theft Auto V","Cooperative"
"October 2018",43265.97,"-5881.70","-11.97%",81337,"Grand Theft Auto V","Cooperative"
"September 2018",49147.67,"-19164.49","-28.05%",97920,"Grand Theft Auto V","Cooperative"
"August 2018",68312.15,"-12083.19","-15.03%",123556,"Grand Theft Auto V","Cooperative"
"July 2018",80395.34,"31467.85","+64.32%",162021,"Grand Theft Auto V","Cooperative"
"June 2018",48927.49,"7648.77","+18.53%",118332,"Grand Theft Auto V","Cooperative"
"May 2018",41278.73,"-1500.80","-3.51%",82956,"Grand Theft Auto V","Cooperative"
"April 2018",42779.52,"-3248.66","-7.06%",89792,"Grand Theft Auto V","Cooperative"
"March 2018",46028.18,"-7367.50","-13.80%",94489,"Grand Theft Auto V","Cooperative"
"February 2018",53395.68,"-24171.16","-31.16%",94308,"Grand Theft Auto V","Cooperative"
"January 2018",77566.84,"-500.10","-0.64%",167754,"Grand Theft Auto V","Cooperative"
"December 2017",78066.93,"36151.78","+86.25%",170316,"Grand Theft Auto V","Cooperative"
"November 2017",41915.16,"2140.69","+5.38%",85105,"Grand Theft Auto V","Cooperative"
"October 2017",39774.46,"-6068.46","-13.24%",84553,"Grand Theft Auto V","Cooperative"
"September 2017",45842.92,"-8185.73","-15.15%",101433,"Grand Theft Auto V","Cooperative"
"August 2017",54028.65,"-6811.41","-11.20%",121830,"Grand Theft Auto V","Cooperative"
"July 2017",60840.07,"554.67","+0.92%",112074,"Grand Theft Auto V","Cooperative"
"June 2017",60285.4,"17405.76","+40.59%",131936,"Grand Theft Auto V","Cooperative"
"May 2017",42879.64,"-6228.70","-12.68%",83483,"Grand Theft Auto V","Cooperative"
"April 2017",49108.33,"491.44","+1.01%",96503,"Grand Theft Auto V","Cooperative"
"March 2017",48616.89,"-4654.10","-8.74%",98798,"Grand Theft Auto V","Cooperative"
"February 2017",53270.99,"-9907.68","-15.68%",104902,"Grand Theft Auto V","Cooperative"
"January 2017",63178.67,"1334.95","+2.16%",116125,"Grand Theft Auto V","Cooperative"
"December 2016",61843.72,"18852.42","+43.85%",126681,"Grand Theft Auto V","Cooperative"
"November 2016",42991.3,"906.81","+2.15%",86759,"Grand Theft Auto V","Cooperative"
"October 2016",42084.49,"10440.55","+32.99%",86192,"Grand Theft Auto V","Cooperative"
"September 2016",31643.93,"-7147.94","-18.43%",61921,"Grand Theft Auto V","Cooperative"
"August 2016",38791.87,"-6374.25","-14.11%",63873,"Grand Theft Auto V","Cooperative"
"July 2016",45166.12,"5013.29","+12.49%",71778,"Grand Theft Auto V","Cooperative"
"June 2016",40152.83,"14922.64","+59.15%",78330,"Grand Theft Auto V","Cooperative"
"May 2016",25230.19,"-6441.10","-20.34%",48053,"Grand Theft Auto V","Cooperative"
"April 2016",31671.3,"-2329.14","-6.85%",65878,"Grand Theft Auto V","Cooperative"
"March 2016",34000.43,"-6012.67","-15.03%",64633,"Grand Theft Auto V","Cooperative"
"February 2016",40013.1,"-6980.23","-14.85%",72735,"Grand Theft Auto V","Cooperative"
"January 2016",46993.33,"3118.61","+7.11%",93726,"Grand Theft Auto V","Cooperative"
"December 2015",43874.72,"9408.88","+27.30%",84558,"Grand Theft Auto V","Cooperative"
"November 2015",34465.84,"3541.09","+11.45%",77141,"Grand Theft Auto V","Cooperative"
"October 2015",30924.76,"5536.95","+21.81%",73902,"Grand Theft Auto V","Cooperative"
"September 2015",25387.81,"-5530.26","-17.89%",46917,"Grand Theft Auto V","Cooperative"
"August 2015",30918.06,"-6739.01","-17.90%",50693,"Grand Theft Auto V","Cooperative"
"July 2015",37657.07,"-9296.17","-19.80%",60908,"Grand Theft Auto V","Cooperative"
"June 2015",46953.24,"-46408.38","-49.71%",85195,"Grand Theft Auto V","Cooperative"
"May 2015",93361.62,"-99352.39","-51.55%",215966,"Grand Theft Auto V","Cooperative"
"April 2015",192714.01,"-","-",360761,"Grand Theft Auto V","Cooperative"
"March 2022",15669.25,"-3582.35","-18.61%",27129,"Left 4 Dead 2","Cooperative"
"February 2022",19251.6,"-2241.80","-10.43%",34758,"Left 4 Dead 2","Cooperative"
"January 2022",21493.4,"4559.42","+26.92%",34605,"Left 4 Dead 2","Cooperative"
"December 2021",16933.98,"255.27","+1.53%",30845,"Left 4 Dead 2","Cooperative"
"November 2021",16678.71,"1002.45","+6.39%",34769,"Left 4 Dead 2","Cooperative"
"October 2021",15676.26,"-1444.80","-8.44%",38013,"Left 4 Dead 2","Cooperative"
"September 2021",17121.06,"-2816.45","-14.13%",34682,"Left 4 Dead 2","Cooperative"
"August 2021",19937.51,"-91.55","-0.46%",49003,"Left 4 Dead 2","Cooperative"
"July 2021",20029.06,"3369.60","+20.23%",37870,"Left 4 Dead 2","Cooperative"
"June 2021",16659.47,"-2037.38","-10.90%",33686,"Left 4 Dead 2","Cooperative"
"May 2021",18696.85,"3278.56","+21.26%",40653,"Left 4 Dead 2","Cooperative"
"April 2021",15418.29,"-141.89","-0.91%",29097,"Left 4 Dead 2","Cooperative"
"March 2021",15560.18,"-1099.69","-6.60%",36938,"Left 4 Dead 2","Cooperative"
"February 2021",16659.87,"-2925.30","-14.94%",23915,"Left 4 Dead 2","Cooperative"
"January 2021",19585.17,"1255.14","+6.85%",34475,"Left 4 Dead 2","Cooperative"
"December 2020",18330.04,"-50.64","-0.28%",33893,"Left 4 Dead 2","Cooperative"
"November 2020",18380.67,"-3074.38","-14.33%",39300,"Left 4 Dead 2","Cooperative"
"October 2020",21455.05,"441.19","+2.10%",47697,"Left 4 Dead 2","Cooperative"
"September 2020",21013.86,"8384.79","+66.39%",100965,"Left 4 Dead 2","Cooperative"
"August 2020",12629.07,"-2038.69","-13.90%",18679,"Left 4 Dead 2","Cooperative"
"July 2020",14667.76,"3372.34","+29.86%",25107,"Left 4 Dead 2","Cooperative"
"June 2020",11295.42,"-656.96","-5.50%",23371,"Left 4 Dead 2","Cooperative"
"May 2020",11952.38,"-2600.69","-17.87%",18881,"Left 4 Dead 2","Cooperative"
"April 2020",14553.07,"1357.53","+10.29%",42699,"Left 4 Dead 2","Cooperative"
"March 2020",13195.54,"400.40","+3.13%",21184,"Left 4 Dead 2","Cooperative"
"February 2020",12795.14,"660.88","+5.45%",25124,"Left 4 Dead 2","Cooperative"
"January 2020",12134.26,"920.07","+8.20%",22868,"Left 4 Dead 2","Cooperative"
"December 2019",11214.19,"1676.74","+17.58%",23710,"Left 4 Dead 2","Cooperative"
"November 2019",9537.45,"1284.70","+15.57%",22226,"Left 4 Dead 2","Cooperative"
"October 2019",8252.75,"688.33","+9.10%",22339,"Left 4 Dead 2","Cooperative"
"September 2019",7564.43,"-1478.80","-16.35%",14519,"Left 4 Dead 2","Cooperative"
"August 2019",9043.23,"-2205.39","-19.61%",14930,"Left 4 Dead 2","Cooperative"
"July 2019",11248.62,"1172.30","+11.63%",22293,"Left 4 Dead 2","Cooperative"
"June 2019",10076.32,"-99.65","-0.98%",21723,"Left 4 Dead 2","Cooperative"
"May 2019",10175.97,"2279.39","+28.87%",26978,"Left 4 Dead 2","Cooperative"
"April 2019",7896.58,"-401.12","-4.83%",15029,"Left 4 Dead 2","Cooperative"
"March 2019",8297.7,"-1203.64","-12.67%",15316,"Left 4 Dead 2","Cooperative"
"February 2019",9501.35,"-1066.71","-10.09%",18087,"Left 4 Dead 2","Cooperative"
"January 2019",10568.06,"655.17","+6.61%",20122,"Left 4 Dead 2","Cooperative"
"December 2018",9912.89,"188.34","+1.94%",20702,"Left 4 Dead 2","Cooperative"
"November 2018",9724.55,"1880.56","+23.97%",25246,"Left 4 Dead 2","Cooperative"
"October 2018",7843.99,"9.01","+0.12%",23062,"Left 4 Dead 2","Cooperative"
"September 2018",7834.98,"-1320.18","-14.42%",14538,"Left 4 Dead 2","Cooperative"
"August 2018",9155.15,"-3377.46","-26.95%",15285,"Left 4 Dead 2","Cooperative"
"July 2018",12532.61,"2430.92","+24.06%",25777,"Left 4 Dead 2","Cooperative"
"June 2018",10101.69,"2444.60","+31.93%",27239,"Left 4 Dead 2","Cooperative"
"May 2018",7657.09,"-145.07","-1.86%",18821,"Left 4 Dead 2","Cooperative"
"April 2018",7802.16,"-1790.76","-18.67%",13680,"Left 4 Dead 2","Cooperative"
"March 2018",9592.92,"-2324.45","-19.50%",18384,"Left 4 Dead 2","Cooperative"
"February 2018",11917.37,"-1699.92","-12.48%",24918,"Left 4 Dead 2","Cooperative"
"January 2018",13617.28,"892.79","+7.02%",28171,"Left 4 Dead 2","Cooperative"
"December 2017",12724.5,"2449.95","+23.84%",29351,"Left 4 Dead 2","Cooperative"
"November 2017",10274.54,"2775.88","+37.02%",32064,"Left 4 Dead 2","Cooperative"
"October 2017",7498.66,"-797.25","-9.61%",14657,"Left 4 Dead 2","Cooperative"
"September 2017",8295.91,"-2505.80","-23.20%",16800,"Left 4 Dead 2","Cooperative"
"August 2017",10801.7,"-5544.36","-33.92%",19287,"Left 4 Dead 2","Cooperative"
"July 2017",16346.07,"4890.53","+42.69%",42773,"Left 4 Dead 2","Cooperative"
"June 2017",11455.54,"4033.60","+54.35%",42217,"Left 4 Dead 2","Cooperative"
"May 2017",7421.94,"-1040.23","-12.29%",14534,"Left 4 Dead 2","Cooperative"
"April 2017",8462.17,"-1859.10","-18.01%",16743,"Left 4 Dead 2","Cooperative"
"March 2017",10321.27,"783.27","+8.21%",27825,"Left 4 Dead 2","Cooperative"
"February 2017",9538,"-2729.49","-22.25%",17223,"Left 4 Dead 2","Cooperative"
"January 2017",12267.49,"1467.53","+13.59%",25699,"Left 4 Dead 2","Cooperative"
"December 2016",10799.96,"1180.26","+12.27%",25743,"Left 4 Dead 2","Cooperative"
"November 2016",9619.7,"2148.56","+28.76%",23367,"Left 4 Dead 2","Cooperative"
"October 2016",7471.14,"224.77","+3.10%",17778,"Left 4 Dead 2","Cooperative"
"September 2016",7246.37,"-1488.89","-17.04%",13374,"Left 4 Dead 2","Cooperative"
"August 2016",8735.26,"-2742.84","-23.90%",14040,"Left 4 Dead 2","Cooperative"
"July 2016",11478.09,"2404.24","+26.50%",22622,"Left 4 Dead 2","Cooperative"
"June 2016",9073.86,"581.72","+6.85%",20215,"Left 4 Dead 2","Cooperative"
"May 2016",8492.13,"329.42","+4.04%",18322,"Left 4 Dead 2","Cooperative"
"April 2016",8162.71,"-1408.07","-14.71%",16524,"Left 4 Dead 2","Cooperative"
"March 2016",9570.79,"-2199.95","-18.69%",19083,"Left 4 Dead 2","Cooperative"
"February 2016",11770.73,"-634.52","-5.11%",25228,"Left 4 Dead 2","Cooperative"
"January 2016",12405.26,"1500.59","+13.76%",25363,"Left 4 Dead 2","Cooperative"
"December 2015",10904.66,"1889.72","+20.96%",22646,"Left 4 Dead 2","Cooperative"
"November 2015",9014.94,"1793.82","+24.84%",19403,"Left 4 Dead 2","Cooperative"
"October 2015",7221.12,"26.39","+0.37%",17636,"Left 4 Dead 2","Cooperative"
"September 2015",7194.73,"-3120.21","-30.25%",13055,"Left 4 Dead 2","Cooperative"
"August 2015",10314.94,"1331.91","+14.83%",22453,"Left 4 Dead 2","Cooperative"
"July 2015",8983.03,"-1557.14","-14.77%",14321,"Left 4 Dead 2","Cooperative"
"June 2015",10540.17,"4171.48","+65.50%",23097,"Left 4 Dead 2","Cooperative"
"May 2015",6368.69,"-161.67","-2.48%",10543,"Left 4 Dead 2","Cooperative"
"April 2015",6530.37,"-726.58","-10.01%",11863,"Left 4 Dead 2","Cooperative"
"March 2015",7256.95,"-1159.57","-13.78%",13014,"Left 4 Dead 2","Cooperative"
"February 2015",8416.52,"-1249.39","-12.93%",13285,"Left 4 Dead 2","Cooperative"
"January 2015",9665.91,"591.87","+6.52%",17156,"Left 4 Dead 2","Cooperative"
"December 2014",9074.04,"308.65","+3.52%",17356,"Left 4 Dead 2","Cooperative"
"November 2014",8765.38,"918.38","+11.70%",18037,"Left 4 Dead 2","Cooperative"
"October 2014",7847,"-587.11","-6.96%",15176,"Left 4 Dead 2","Cooperative"
"September 2014",8434.12,"14.06","+0.17%",18732,"Left 4 Dead 2","Cooperative"
"August 2014",8420.05,"-1414.38","-14.38%",12255,"Left 4 Dead 2","Cooperative"
"July 2014",9834.44,"724.47","+7.95%",16811,"Left 4 Dead 2","Cooperative"
"June 2014",9109.97,"649.67","+7.68%",18392,"Left 4 Dead 2","Cooperative"
"May 2014",8460.3,"-790.75","-8.55%",14600,"Left 4 Dead 2","Cooperative"
"April 2014",9251.05,"-1768.30","-16.05%",16210,"Left 4 Dead 2","Cooperative"
"March 2014",11019.34,"-1966.95","-15.15%",22266,"Left 4 Dead 2","Cooperative"
"February 2014",12986.29,"-10123.88","-43.81%",24471,"Left 4 Dead 2","Cooperative"
"January 2014",23110.17,"2121.33","+10.11%",61325,"Left 4 Dead 2","Cooperative"
"December 2013",20988.84,"14105.28","+204.91%",161590,"Left 4 Dead 2","Cooperative"
"November 2013",6883.56,"1218.90","+21.52%",16177,"Left 4 Dead 2","Cooperative"
"October 2013",5664.66,"-430.96","-7.07%",10267,"Left 4 Dead 2","Cooperative"
"September 2013",6095.63,"-1749.56","-22.30%",10982,"Left 4 Dead 2","Cooperative"
"August 2013",7845.19,"-4538.39","-36.65%",13284,"Left 4 Dead 2","Cooperative"
"July 2013",12383.57,"5208.83","+72.60%",39026,"Left 4 Dead 2","Cooperative"
"June 2013",7174.74,"236.51","+3.41%",12810,"Left 4 Dead 2","Cooperative"
"May 2013",6938.23,"-382.78","-5.23%",12116,"Left 4 Dead 2","Cooperative"
"April 2013",7321.01,"-2016.37","-21.59%",14109,"Left 4 Dead 2","Cooperative"
"March 2013",9337.38,"1229.50","+15.16%",21574,"Left 4 Dead 2","Cooperative"
"February 2013",8107.87,"-1309.00","-13.90%",14424,"Left 4 Dead 2","Cooperative"
"January 2013",9416.88,"12.89","+0.14%",17873,"Left 4 Dead 2","Cooperative"
"December 2012",9403.98,"-12.91","-0.14%",19518,"Left 4 Dead 2","Cooperative"
"November 2012",9416.89,"470.03","+5.25%",21298,"Left 4 Dead 2","Cooperative"
"October 2012",8946.86,"2595.92","+40.87%",48599,"Left 4 Dead 2","Cooperative"
"September 2012",6350.94,"-1876.73","-22.81%",11229,"Left 4 Dead 2","Cooperative"
"August 2012",8227.67,"-4000.80","-32.72%",14848,"Left 4 Dead 2","Cooperative"
"July 2012",12228.47,"-","-",21811,"Left 4 Dead 2","Cooperative"
"March 2022",226114.89,"-15059.57","-6.24%",535587,"Player-Unknown's Battlegrounds","Multiplayer"
"February 2022",241174.46,"-1147.89","-0.47%",532109,"Player-Unknown's Battlegrounds","Multiplayer"
"January 2022",242322.35,"88651.54","+57.69%",696704,"Player-Unknown's Battlegrounds","Multiplayer"
"December 2021",153670.81,"12409.62","+8.78%",363839,"Player-Unknown's Battlegrounds","Multiplayer"
"November 2021",141261.19,"-17176.69","-10.84%",341570,"Player-Unknown's Battlegrounds","Multiplayer"
"October 2021",158437.88,"-8664.24","-5.18%",393496,"Player-Unknown's Battlegrounds","Multiplayer"
"September 2021",167102.12,"-17726.28","-9.59%",400709,"Player-Unknown's Battlegrounds","Multiplayer"
"August 2021",184828.4,"-1421.57","-0.76%",444355,"Player-Unknown's Battlegrounds","Multiplayer"
"July 2021",186249.97,"6911.70","+3.85%",413274,"Player-Unknown's Battlegrounds","Multiplayer"
"June 2021",179338.27,"-5362.95","-2.90%",427913,"Player-Unknown's Battlegrounds","Multiplayer"
"May 2021",184701.21,"-1409.44","-0.76%",419509,"Player-Unknown's Battlegrounds","Multiplayer"
"April 2021",186110.65,"-7003.53","-3.63%",453579,"Player-Unknown's Battlegrounds","Multiplayer"
"March 2021",193114.18,"-5843.34","-2.94%",464480,"Player-Unknown's Battlegrounds","Multiplayer"
"February 2021",198957.52,"-2289.67","-1.14%",447390,"Player-Unknown's Battlegrounds","Multiplayer"
"January 2021",201247.19,"12013.61","+6.35%",451998,"Player-Unknown's Battlegrounds","Multiplayer"
"December 2020",189233.58,"9713.32","+5.41%",444680,"Player-Unknown's Battlegrounds","Multiplayer"
"November 2020",179520.26,"16934.62","+10.42%",438919,"Player-Unknown's Battlegrounds","Multiplayer"
"October 2020",162585.64,"-6508.07","-3.85%",381079,"Player-Unknown's Battlegrounds","Multiplayer"
"September 2020",169093.71,"-23398.90","-12.16%",403693,"Player-Unknown's Battlegrounds","Multiplayer"
"August 2020",192492.61,"-19207.70","-9.07%",443390,"Player-Unknown's Battlegrounds","Multiplayer"
"July 2020",211700.3,"-18629.44","-8.09%",469568,"Player-Unknown's Battlegrounds","Multiplayer"
"June 2020",230329.74,"-12929.04","-5.31%",546359,"Player-Unknown's Battlegrounds","Multiplayer"
"May 2020",243258.78,"411.51","+0.17%",553121,"Player-Unknown's Battlegrounds","Multiplayer"
"April 2020",242847.28,"14380.11","+6.29%",913075,"Player-Unknown's Battlegrounds","Multiplayer"
"March 2020",228467.17,"-29117.16","-11.30%",562028,"Player-Unknown's Battlegrounds","Multiplayer"
"February 2020",257584.32,"-17778.72","-6.46%",606689,"Player-Unknown's Battlegrounds","Multiplayer"
"January 2020",275363.04,"-33082.41","-10.73%",645414,"Player-Unknown's Battlegrounds","Multiplayer"
"December 2019",308445.45,"2786.06","+0.91%",686239,"Player-Unknown's Battlegrounds","Multiplayer"
"November 2019",305659.39,"18525.98","+6.45%",695920,"Player-Unknown's Battlegrounds","Multiplayer"
"October 2019",287133.41,"-24310.90","-7.81%",637870,"Player-Unknown's Battlegrounds","Multiplayer"
"September 2019",311444.31,"-47086.65","-13.13%",660864,"Player-Unknown's Battlegrounds","Multiplayer"
"August 2019",358530.96,"5642.08","+1.60%",750941,"Player-Unknown's Battlegrounds","Multiplayer"
"July 2019",352888.88,"-10194.48","-2.81%",745224,"Player-Unknown's Battlegrounds","Multiplayer"
"June 2019",363083.37,"-22757.23","-5.90%",745960,"Player-Unknown's Battlegrounds","Multiplayer"
"May 2019",385840.59,"-4260.30","-1.09%",817595,"Player-Unknown's Battlegrounds","Multiplayer"
"April 2019",390100.9,"-27711.61","-6.63%",886255,"Player-Unknown's Battlegrounds","Multiplayer"
"March 2019",417812.51,"-20146.59","-4.60%",931407,"Player-Unknown's Battlegrounds","Multiplayer"
"February 2019",437959.1,"-59844.15","-12.02%",931754,"Player-Unknown's Battlegrounds","Multiplayer"
"January 2019",497803.25,"24261.99","+5.12%",1084606,"Player-Unknown's Battlegrounds","Multiplayer"
"December 2018",473541.26,"55381.78","+13.24%",1109766,"Player-Unknown's Battlegrounds","Multiplayer"
"November 2018",418159.48,"-50982.25","-10.87%",895650,"Player-Unknown's Battlegrounds","Multiplayer"
"October 2018",469141.74,"-73465.31","-13.54%",1048662,"Player-Unknown's Battlegrounds","Multiplayer"
"September 2018",542607.05,"-76713.44","-12.39%",1125229,"Player-Unknown's Battlegrounds","Multiplayer"
"August 2018",619320.48,"-69299.93","-10.06%",1260894,"Player-Unknown's Battlegrounds","Multiplayer"
"July 2018",688620.42,"-112047.81","-13.99%",1350463,"Player-Unknown's Battlegrounds","Multiplayer"
"June 2018",800668.23,"-75512.41","-8.62%",1750216,"Player-Unknown's Battlegrounds","Multiplayer"
"May 2018",876180.64,"-231001.16","-20.86%",2175704,"Player-Unknown's Battlegrounds","Multiplayer"
"April 2018",1107181.8,"-188226.79","-14.53%",2456361,"Player-Unknown's Battlegrounds","Multiplayer"
"March 2018",1295408.59,"-95606.71","-6.87%",2799269,"Player-Unknown's Battlegrounds","Multiplayer"
"February 2018",1391015.3,"-193871.48","-12.23%",2934761,"Player-Unknown's Battlegrounds","Multiplayer"
"January 2018",1584886.77,"148728.26","+10.36%",3236027,"Player-Unknown's Battlegrounds","Multiplayer"
"December 2017",1436158.51,"101988.42","+7.64%",3080769,"Player-Unknown's Battlegrounds","Multiplayer"
"November 2017",1334170.09,"247531.23","+22.78%",2915723,"Player-Unknown's Battlegrounds","Multiplayer"
"October 2017",1086638.87,"426446.12","+64.59%",2390946,"Player-Unknown's Battlegrounds","Multiplayer"
"September 2017",660192.74,"270665.33","+69.49%",1550463,"Player-Unknown's Battlegrounds","Multiplayer"
"August 2017",389527.42,"159825.72","+69.58%",874171,"Player-Unknown's Battlegrounds","Multiplayer"
"July 2017",229701.7,"89799.46","+64.19%",481291,"Player-Unknown's Battlegrounds","Multiplayer"
"June 2017",139902.24,"32460.64","+30.21%",267194,"Player-Unknown's Battlegrounds","Multiplayer"
"May 2017",107441.6,"37646.63","+53.94%",189456,"Player-Unknown's Battlegrounds","Multiplayer"
"April 2017",69794.98,"52243.84","+297.67%",140104,"Player-Unknown's Battlegrounds","Multiplayer"
"March 2017",17551.14,"-","-",67846,"Player-Unknown's Battlegrounds","Multiplayer"
"March 2022",15825.96,"-4740.77","-23.05%",25798,"The Elder Scrolls V: Skyrim","Singleplayer"
"February 2022",20566.74,"-4878.12","-19.17%",35593,"The Elder Scrolls V: Skyrim","Singleplayer"
"January 2022",25444.86,"-470.86","-1.82%",42340,"The Elder Scrolls V: Skyrim","Singleplayer"
"December 2021",25915.72,"-438.32","-1.66%",44625,"The Elder Scrolls V: Skyrim","Singleplayer"
"November 2021",26354.04,"8736.20","+49.59%",53665,"The Elder Scrolls V: Skyrim","Singleplayer"
"October 2021",17617.84,"-2184.90","-11.03%",29879,"The Elder Scrolls V: Skyrim","Singleplayer"
"September 2021",19802.74,"-2209.46","-10.04%",32075,"The Elder Scrolls V: Skyrim","Singleplayer"
"August 2021",22012.2,"2730.71","+14.16%",37370,"The Elder Scrolls V: Skyrim","Singleplayer"
"July 2021",19281.49,"3846.59","+24.92%",28758,"The Elder Scrolls V: Skyrim","Singleplayer"
"June 2021",15434.9,"-1599.09","-9.39%",24341,"The Elder Scrolls V: Skyrim","Singleplayer"
"May 2021",17033.98,"450.40","+2.72%",27567,"The Elder Scrolls V: Skyrim","Singleplayer"
"April 2021",16583.58,"-408.88","-2.41%",26159,"The Elder Scrolls V: Skyrim","Singleplayer"
"March 2021",16992.46,"-3160.19","-15.68%",27364,"The Elder Scrolls V: Skyrim","Singleplayer"
"February 2021",20152.65,"532.91","+2.72%",31961,"The Elder Scrolls V: Skyrim","Singleplayer"
"January 2021",19619.74,"3835.37","+24.30%",34631,"The Elder Scrolls V: Skyrim","Singleplayer"
"December 2020",15784.37,"811.30","+5.42%",26658,"The Elder Scrolls V: Skyrim","Singleplayer"
"November 2020",14973.07,"338.72","+2.31%",24514,"The Elder Scrolls V: Skyrim","Singleplayer"
"October 2020",14634.35,"-1312.59","-8.23%",23284,"The Elder Scrolls V: Skyrim","Singleplayer"
"September 2020",15946.93,"-3544.31","-18.18%",24612,"The Elder Scrolls V: Skyrim","Singleplayer"
"August 2020",19491.25,"560.54","+2.96%",30978,"The Elder Scrolls V: Skyrim","Singleplayer"
"July 2020",18930.71,"1504.97","+8.64%",29916,"The Elder Scrolls V: Skyrim","Singleplayer"
"June 2020",17425.74,"660.76","+3.94%",29337,"The Elder Scrolls V: Skyrim","Singleplayer"
"May 2020",16764.98,"-1042.78","-5.86%",25892,"The Elder Scrolls V: Skyrim","Singleplayer"
"April 2020",17807.76,"2792.68","+18.60%",26917,"The Elder Scrolls V: Skyrim","Singleplayer"
"March 2020",15015.08,"314.21","+2.14%",26291,"The Elder Scrolls V: Skyrim","Singleplayer"
"February 2020",14700.87,"-1290.95","-8.07%",25303,"The Elder Scrolls V: Skyrim","Singleplayer"
"January 2020",15991.82,"2793.00","+21.16%",26377,"The Elder Scrolls V: Skyrim","Singleplayer"
"December 2019",13198.82,"2589.68","+24.41%",23687,"The Elder Scrolls V: Skyrim","Singleplayer"
"November 2019",10609.15,"187.28","+1.80%",17841,"The Elder Scrolls V: Skyrim","Singleplayer"
"October 2019",10421.86,"-366.55","-3.40%",18408,"The Elder Scrolls V: Skyrim","Singleplayer"
"September 2019",10788.42,"-2189.17","-16.87%",18680,"The Elder Scrolls V: Skyrim","Singleplayer"
"August 2019",12977.59,"82.03","+0.64%",20823,"The Elder Scrolls V: Skyrim","Singleplayer"
"July 2019",12895.56,"317.67","+2.53%",22225,"The Elder Scrolls V: Skyrim","Singleplayer"
"June 2019",12577.89,"952.59","+8.19%",20020,"The Elder Scrolls V: Skyrim","Singleplayer"
"May 2019",11625.3,"-126.23","-1.07%",19843,"The Elder Scrolls V: Skyrim","Singleplayer"
"April 2019",11751.53,"297.68","+2.60%",20798,"The Elder Scrolls V: Skyrim","Singleplayer"
"March 2019",11453.85,"-858.34","-6.97%",21780,"The Elder Scrolls V: Skyrim","Singleplayer"
"February 2019",12312.19,"-273.59","-2.17%",21698,"The Elder Scrolls V: Skyrim","Singleplayer"
"January 2019",12585.78,"1127.81","+9.84%",20884,"The Elder Scrolls V: Skyrim","Singleplayer"
"December 2018",11457.97,"1366.94","+13.55%",19864,"The Elder Scrolls V: Skyrim","Singleplayer"
"November 2018",10091.03,"-272.38","-2.63%",18616,"The Elder Scrolls V: Skyrim","Singleplayer"
"October 2018",10363.41,"850.93","+8.95%",18838,"The Elder Scrolls V: Skyrim","Singleplayer"
"September 2018",9512.48,"-1492.03","-13.56%",17567,"The Elder Scrolls V: Skyrim","Singleplayer"
"August 2018",11004.51,"-1042.06","-8.65%",19106,"The Elder Scrolls V: Skyrim","Singleplayer"
"July 2018",12046.57,"584.17","+5.10%",19319,"The Elder Scrolls V: Skyrim","Singleplayer"
"June 2018",11462.4,"428.86","+3.89%",19321,"The Elder Scrolls V: Skyrim","Singleplayer"
"May 2018",11033.55,"-741.25","-6.30%",18427,"The Elder Scrolls V: Skyrim","Singleplayer"
"April 2018",11774.79,"1572.45","+15.41%",25182,"The Elder Scrolls V: Skyrim","Singleplayer"
"March 2018",10202.34,"-134.83","-1.30%",17857,"The Elder Scrolls V: Skyrim","Singleplayer"
"February 2018",10337.17,"-1880.06","-15.39%",18673,"The Elder Scrolls V: Skyrim","Singleplayer"
"January 2018",12217.23,"1157.22","+10.46%",21459,"The Elder Scrolls V: Skyrim","Singleplayer"
"December 2017",11060.01,"2280.03","+25.97%",19724,"The Elder Scrolls V: Skyrim","Singleplayer"
"November 2017",8779.98,"-784.25","-8.20%",17725,"The Elder Scrolls V: Skyrim","Singleplayer"
"October 2017",9564.23,"-1345.53","-12.33%",18622,"The Elder Scrolls V: Skyrim","Singleplayer"
"September 2017",10909.76,"1141.87","+11.69%",23312,"The Elder Scrolls V: Skyrim","Singleplayer"
"August 2017",9767.89,"-568.48","-5.50%",18461,"The Elder Scrolls V: Skyrim","Singleplayer"
"July 2017",10336.37,"912.68","+9.68%",16929,"The Elder Scrolls V: Skyrim","Singleplayer"
"June 2017",9423.68,"362.08","+4.00%",15695,"The Elder Scrolls V: Skyrim","Singleplayer"
"May 2017",9061.61,"1392.80","+18.16%",16427,"The Elder Scrolls V: Skyrim","Singleplayer"
"April 2017",7668.81,"-702.80","-8.40%",15364,"The Elder Scrolls V: Skyrim","Singleplayer"
"March 2017",8371.61,"-1614.72","-16.17%",16316,"The Elder Scrolls V: Skyrim","Singleplayer"
"February 2017",9986.33,"-2193.87","-18.01%",18727,"The Elder Scrolls V: Skyrim","Singleplayer"
"January 2017",12180.21,"-2985.95","-19.69%",22528,"The Elder Scrolls V: Skyrim","Singleplayer"
"December 2016",15166.15,"-12887.45","-45.94%",30528,"The Elder Scrolls V: Skyrim","Singleplayer"
"November 2016",28053.6,"22375.20","+394.04%",65584,"The Elder Scrolls V: Skyrim","Singleplayer"
"October 2016",5678.4,"5676.98","+398832.91%",69777,"The Elder Scrolls V: Skyrim","Singleplayer"
"September 2016",1.42,"-","-",14,"The Elder Scrolls V: Skyrim","Singleplayer"
"March 2022",25851.21,"-2942.24","-10.22%",38568,"Stardew Valley","Singleplayer"
"February 2022",28793.45,"-4828.12","-14.36%",44044,"Stardew Valley","Singleplayer"
"January 2022",33621.58,"8669.86","+34.75%",48151,"Stardew Valley","Singleplayer"
"December 2021",24951.71,"1745.53","+7.52%",39992,"Stardew Valley","Singleplayer"
"November 2021",23206.18,"792.06","+3.53%",35441,"Stardew Valley","Singleplayer"
"October 2021",22414.12,"-1906.76","-7.84%",35687,"Stardew Valley","Singleplayer"
"September 2021",24320.88,"-6246.22","-20.43%",36516,"Stardew Valley","Singleplayer"
"August 2021",30567.1,"2087.55","+7.33%",49612,"Stardew Valley","Singleplayer"
"July 2021",28479.55,"6238.17","+28.05%",41572,"Stardew Valley","Singleplayer"
"June 2021",22241.37,"-933.17","-4.03%",36513,"Stardew Valley","Singleplayer"
"May 2021",23174.54,"-3998.04","-14.71%",35440,"Stardew Valley","Singleplayer"
"April 2021",27172.58,"-6008.36","-18.11%",42500,"Stardew Valley","Singleplayer"
"March 2021",33180.94,"-5123.75","-13.38%",51990,"Stardew Valley","Singleplayer"
"February 2021",38304.69,"-18861.87","-32.99%",59709,"Stardew Valley","Singleplayer"
"January 2021",57166.55,"27545.84","+93.00%",94479,"Stardew Valley","Singleplayer"
"December 2020",29620.71,"15816.79","+114.58%",89311,"Stardew Valley","Singleplayer"
"November 2020",13803.92,"1743.87","+14.46%",22453,"Stardew Valley","Singleplayer"
"October 2020",12060.05,"-1449.28","-10.73%",18293,"Stardew Valley","Singleplayer"
"September 2020",13509.32,"-3143.93","-18.88%",19609,"Stardew Valley","Singleplayer"
"August 2020",16653.25,"-3302.06","-16.55%",23442,"Stardew Valley","Singleplayer"
"July 2020",19955.32,"4745.95","+31.20%",28908,"Stardew Valley","Singleplayer"
"June 2020",15209.37,"-5277.82","-25.76%",24618,"Stardew Valley","Singleplayer"
"May 2020",20487.19,"-9463.98","-31.60%",31679,"Stardew Valley","Singleplayer"
"April 2020",29951.17,"2563.11","+9.36%",44965,"Stardew Valley","Singleplayer"
"March 2020",27388.06,"3690.90","+15.58%",45512,"Stardew Valley","Singleplayer"
"February 2020",23697.16,"-659.06","-2.71%",33885,"Stardew Valley","Singleplayer"
"January 2020",24356.22,"207.65","+0.86%",39046,"Stardew Valley","Singleplayer"
"December 2019",24148.56,"13293.41","+122.46%",38024,"Stardew Valley","Singleplayer"
"November 2019",10855.15,"1922.73","+21.53%",35053,"Stardew Valley","Singleplayer"
"October 2019",8932.42,"-340.28","-3.67%",14194,"Stardew Valley","Singleplayer"
"September 2019",9272.7,"-1745.90","-15.84%",14278,"Stardew Valley","Singleplayer"
"August 2019",11018.6,"-4348.52","-28.30%",16327,"Stardew Valley","Singleplayer"
"July 2019",15367.12,"3008.72","+24.35%",24919,"Stardew Valley","Singleplayer"
"June 2019",12358.4,"-115.66","-0.93%",24769,"Stardew Valley","Singleplayer"
"May 2019",12474.06,"-67.62","-0.54%",21404,"Stardew Valley","Singleplayer"
"April 2019",12541.68,"-624.92","-4.75%",19916,"Stardew Valley","Singleplayer"
"March 2019",13166.6,"442.22","+3.48%",19786,"Stardew Valley","Singleplayer"
"February 2019",12724.38,"-2524.77","-16.56%",19330,"Stardew Valley","Singleplayer"
"January 2019",15249.15,"4089.03","+36.64%",24470,"Stardew Valley","Singleplayer"
"December 2018",11160.12,"1657.08","+17.44%",22842,"Stardew Valley","Singleplayer"
"November 2018",9503.04,"-549.54","-5.47%",16133,"Stardew Valley","Singleplayer"
"October 2018",10052.58,"-1712.88","-14.56%",16189,"Stardew Valley","Singleplayer"
"September 2018",11765.47,"-5121.73","-30.33%",19826,"Stardew Valley","Singleplayer"
"August 2018",16887.2,"303.06","+1.83%",27255,"Stardew Valley","Singleplayer"
"July 2018",16584.14,"-778.28","-4.48%",24692,"Stardew Valley","Singleplayer"
"June 2018",17362.42,"-10183.10","-36.97%",30055,"Stardew Valley","Singleplayer"
"May 2018",27545.52,"20015.93","+265.83%",54212,"Stardew Valley","Singleplayer"
"April 2018",7529.59,"-524.04","-6.51%",26926,"Stardew Valley","Singleplayer"
"March 2018",8053.63,"-981.18","-10.86%",12668,"Stardew Valley","Singleplayer"
"February 2018",9034.82,"-2672.27","-22.83%",14601,"Stardew Valley","Singleplayer"
"January 2018",11707.09,"1882.99","+19.17%",20139,"Stardew Valley","Singleplayer"
"December 2017",9824.1,"1147.60","+13.23%",18346,"Stardew Valley","Singleplayer"
"November 2017",8676.5,"534.72","+6.57%",17839,"Stardew Valley","Singleplayer"
"October 2017",8141.78,"1272.45","+18.52%",13654,"Stardew Valley","Singleplayer"
"September 2017",6869.32,"-1978.22","-22.36%",10745,"Stardew Valley","Singleplayer"
"August 2017",8847.55,"-6690.63","-43.06%",13774,"Stardew Valley","Singleplayer"
"July 2017",15538.17,"6633.52","+74.50%",28122,"Stardew Valley","Singleplayer"
"June 2017",8904.65,"1022.02","+12.97%",18718,"Stardew Valley","Singleplayer"
"May 2017",7882.63,"229.07","+2.99%",11896,"Stardew Valley","Singleplayer"
"April 2017",7653.56,"-2039.45","-21.04%",11538,"Stardew Valley","Singleplayer"
"March 2017",9693.01,"-194.93","-1.97%",17295,"Stardew Valley","Singleplayer"
"February 2017",9887.94,"-1910.91","-16.20%",17590,"Stardew Valley","Singleplayer"
"January 2017",11798.85,"3822.87","+47.93%",24014,"Stardew Valley","Singleplayer"
"December 2016",7975.97,"1097.03","+15.95%",18787,"Stardew Valley","Singleplayer"
"November 2016",6878.95,"-2378.22","-25.69%",13674,"Stardew Valley","Singleplayer"
"October 2016",9257.17,"4884.78","+111.72%",18675,"Stardew Valley","Singleplayer"
"September 2016",4372.38,"-1135.27","-20.61%",7360,"Stardew Valley","Singleplayer"
"August 2016",5507.66,"-3792.11","-40.78%",9367,"Stardew Valley","Singleplayer"
"July 2016",9299.77,"1730.11","+22.86%",21032,"Stardew Valley","Singleplayer"
"June 2016",7569.66,"-2084.83","-21.59%",18642,"Stardew Valley","Singleplayer"
"May 2016",9654.49,"-10188.94","-51.35%",20528,"Stardew Valley","Singleplayer"
"April 2016",19843.44,"-15104.02","-43.22%",43286,"Stardew Valley","Singleplayer"
"March 2016",34947.46,"33352.74","+2091.45%",64256,"Stardew Valley","Singleplayer"
"February 2016",1594.72,"1594.19","+300989.87%",24496,"Stardew Valley","Singleplayer"
"January 2016",0.53,"-0.07","-11.91%",3,"Stardew Valley","Singleplayer"
"December 2015",0.6,"-","-",3,"Stardew Valley","Singleplayer"
"March 2022",17832.11,"-3560.67","-16.64%",40775,"The Witcher 3: Wild Hunt","Singleplayer"
"February 2022",21392.78,"-15337.82","-41.76%",46617,"The Witcher 3: Wild Hunt","Singleplayer"
"January 2022",36730.6,"11603.01","+46.18%",78592,"The Witcher 3: Wild Hunt","Singleplayer"
"December 2021",25127.6,"9667.55","+62.53%",62211,"The Witcher 3: Wild Hunt","Singleplayer"
"November 2021",15460.05,"1926.97","+14.24%",31845,"The Witcher 3: Wild Hunt","Singleplayer"
"October 2021",13533.08,"-6146.43","-31.23%",32571,"The Witcher 3: Wild Hunt","Singleplayer"
"September 2021",19679.51,"1430.43","+7.84%",44434,"The Witcher 3: Wild Hunt","Singleplayer"
"August 2021",18249.08,"-1620.06","-8.15%",44132,"The Witcher 3: Wild Hunt","Singleplayer"
"July 2021",19869.14,"2427.58","+13.92%",38753,"The Witcher 3: Wild Hunt","Singleplayer"
"June 2021",17441.56,"630.38","+3.75%",34733,"The Witcher 3: Wild Hunt","Singleplayer"
"May 2021",16811.18,"-2007.62","-10.67%",41446,"The Witcher 3: Wild Hunt","Singleplayer"
"April 2021",18818.8,"3405.54","+22.09%",43867,"The Witcher 3: Wild Hunt","Singleplayer"
"March 2021",15413.25,"-2386.29","-13.41%",37844,"The Witcher 3: Wild Hunt","Singleplayer"
"February 2021",17799.54,"-2902.90","-14.02%",38603,"The Witcher 3: Wild Hunt","Singleplayer"
"January 2021",20702.44,"-439.25","-2.08%",42783,"The Witcher 3: Wild Hunt","Singleplayer"
"December 2020",21141.69,"4030.56","+23.56%",41042,"The Witcher 3: Wild Hunt","Singleplayer"
"November 2020",17111.12,"3194.22","+22.95%",37517,"The Witcher 3: Wild Hunt","Singleplayer"
"October 2020",13916.9,"-4393.70","-24.00%",27402,"The Witcher 3: Wild Hunt","Singleplayer"
"September 2020",18310.61,"1982.99","+12.15%",38742,"The Witcher 3: Wild Hunt","Singleplayer"
"August 2020",16327.61,"-2500.77","-13.28%",36555,"The Witcher 3: Wild Hunt","Singleplayer"
"July 2020",18828.38,"-172.45","-0.91%",34735,"The Witcher 3: Wild Hunt","Singleplayer"
"June 2020",19000.83,"-2433.65","-11.35%",35118,"The Witcher 3: Wild Hunt","Singleplayer"
"May 2020",21434.48,"-5810.85","-21.33%",41736,"The Witcher 3: Wild Hunt","Singleplayer"
"April 2020",27245.33,"5788.21","+26.98%",61236,"The Witcher 3: Wild Hunt","Singleplayer"
"March 2020",21457.11,"-6289.73","-22.67%",49787,"The Witcher 3: Wild Hunt","Singleplayer"
"February 2020",27746.84,"-20470.48","-42.45%",62188,"The Witcher 3: Wild Hunt","Singleplayer"
"January 2020",48217.32,"20857.28","+76.23%",103329,"The Witcher 3: Wild Hunt","Singleplayer"
"December 2019",27360.04,"14199.40","+107.89%",94601,"The Witcher 3: Wild Hunt","Singleplayer"
"November 2019",13160.64,"3260.46","+32.93%",26594,"The Witcher 3: Wild Hunt","Singleplayer"
"October 2019",9900.18,"-3355.44","-25.31%",20367,"The Witcher 3: Wild Hunt","Singleplayer"
"September 2019",13255.62,"230.22","+1.77%",30585,"The Witcher 3: Wild Hunt","Singleplayer"
"August 2019",13025.41,"-5422.24","-29.39%",25634,"The Witcher 3: Wild Hunt","Singleplayer"
"July 2019",18447.65,"3253.44","+21.41%",35770,"The Witcher 3: Wild Hunt","Singleplayer"
"June 2019",15194.21,"5069.20","+50.07%",33044,"The Witcher 3: Wild Hunt","Singleplayer"
"May 2019",10125,"-2383.73","-19.06%",21319,"The Witcher 3: Wild Hunt","Singleplayer"
"April 2019",12508.73,"1631.73","+15.00%",33783,"The Witcher 3: Wild Hunt","Singleplayer"
"March 2019",10877.01,"-3649.67","-25.12%",23575,"The Witcher 3: Wild Hunt","Singleplayer"
"February 2019",14526.67,"1463.48","+11.20%",33762,"The Witcher 3: Wild Hunt","Singleplayer"
"January 2019",13063.19,"1033.47","+8.59%",25651,"The Witcher 3: Wild Hunt","Singleplayer"
"December 2018",12029.72,"-1375.59","-10.26%",23943,"The Witcher 3: Wild Hunt","Singleplayer"
"November 2018",13405.32,"3304.64","+32.72%",27237,"The Witcher 3: Wild Hunt","Singleplayer"
"October 2018",10100.67,"-2131.70","-17.43%",19557,"The Witcher 3: Wild Hunt","Singleplayer"
"September 2018",12232.38,"1994.54","+19.48%",25800,"The Witcher 3: Wild Hunt","Singleplayer"
"August 2018",10237.83,"-4880.77","-32.28%",19278,"The Witcher 3: Wild Hunt","Singleplayer"
"July 2018",15118.61,"1412.18","+10.30%",28266,"The Witcher 3: Wild Hunt","Singleplayer"
"June 2018",13706.43,"3573.23","+35.26%",29642,"The Witcher 3: Wild Hunt","Singleplayer"
"May 2018",10133.2,"-1563.92","-13.37%",19144,"The Witcher 3: Wild Hunt","Singleplayer"
"April 2018",11697.12,"171.92","+1.49%",26152,"The Witcher 3: Wild Hunt","Singleplayer"
"March 2018",11525.2,"-4216.15","-26.78%",24060,"The Witcher 3: Wild Hunt","Singleplayer"
"February 2018",15741.35,"226.75","+1.46%",31972,"The Witcher 3: Wild Hunt","Singleplayer"
"January 2018",15514.6,"2582.83","+19.97%",29721,"The Witcher 3: Wild Hunt","Singleplayer"
"December 2017",12931.77,"-582.95","-4.31%",24798,"The Witcher 3: Wild Hunt","Singleplayer"
"November 2017",13514.72,"1363.72","+11.22%",28177,"The Witcher 3: Wild Hunt","Singleplayer"
"October 2017",12151,"1355.03","+12.55%",33188,"The Witcher 3: Wild Hunt","Singleplayer"
"September 2017",10795.97,"708.83","+7.03%",23085,"The Witcher 3: Wild Hunt","Singleplayer"
"August 2017",10087.14,"-4786.93","-32.18%",18445,"The Witcher 3: Wild Hunt","Singleplayer"
"July 2017",14874.07,"-1152.16","-7.19%",29255,"The Witcher 3: Wild Hunt","Singleplayer"
"June 2017",16026.23,"6239.75","+63.76%",34131,"The Witcher 3: Wild Hunt","Singleplayer"
"May 2017",9786.48,"-1386.81","-12.41%",17637,"The Witcher 3: Wild Hunt","Singleplayer"
"April 2017",11173.29,"860.74","+8.35%",22658,"The Witcher 3: Wild Hunt","Singleplayer"
"March 2017",10312.55,"-2706.48","-20.79%",19812,"The Witcher 3: Wild Hunt","Singleplayer"
"February 2017",13019.03,"-3029.60","-18.88%",25989,"The Witcher 3: Wild Hunt","Singleplayer"
"January 2017",16048.63,"4151.47","+34.89%",31967,"The Witcher 3: Wild Hunt","Singleplayer"
"December 2016",11897.16,"2784.15","+30.55%",24570,"The Witcher 3: Wild Hunt","Singleplayer"
"November 2016",9113.02,"333.46","+3.80%",21281,"The Witcher 3: Wild Hunt","Singleplayer"
"October 2016",8779.56,"-712.56","-7.51%",17821,"The Witcher 3: Wild Hunt","Singleplayer"
"September 2016",9492.12,"-61.88","-0.65%",18718,"The Witcher 3: Wild Hunt","Singleplayer"
"August 2016",9554.01,"-4876.45","-33.79%",18860,"The Witcher 3: Wild Hunt","Singleplayer"
"July 2016",14430.46,"-7693.33","-34.77%",31244,"The Witcher 3: Wild Hunt","Singleplayer"
"June 2016",22123.79,"12672.55","+134.08%",53576,"The Witcher 3: Wild Hunt","Singleplayer"
"May 2016",9451.24,"4345.82","+85.12%",49246,"The Witcher 3: Wild Hunt","Singleplayer"
"April 2016",5105.42,"-691.59","-11.93%",10318,"The Witcher 3: Wild Hunt","Singleplayer"
"March 2016",5797.01,"-1942.29","-25.10%",11539,"The Witcher 3: Wild Hunt","Singleplayer"
"February 2016",7739.3,"-3314.15","-29.98%",14799,"The Witcher 3: Wild Hunt","Singleplayer"
"January 2016",11053.46,"2086.86","+23.27%",23429,"The Witcher 3: Wild Hunt","Singleplayer"
"December 2015",8966.6,"2731.83","+43.82%",18536,"The Witcher 3: Wild Hunt","Singleplayer"
"November 2015",6234.78,"-1865.02","-23.03%",15187,"The Witcher 3: Wild Hunt","Singleplayer"
"October 2015",8099.79,"1840.75","+29.41%",20651,"The Witcher 3: Wild Hunt","Singleplayer"
"September 2015",6259.05,"-838.79","-11.82%",13733,"The Witcher 3: Wild Hunt","Singleplayer"
"August 2015",7097.83,"-3007.96","-29.76%",13948,"The Witcher 3: Wild Hunt","Singleplayer"
"July 2015",10105.8,"-12707.32","-55.70%",22148,"The Witcher 3: Wild Hunt","Singleplayer"
"June 2015",22813.12,"-29103.42","-56.06%",55408,"The Witcher 3: Wild Hunt","Singleplayer"
"May 2015",51916.54,"-","-",92268,"The Witcher 3: Wild Hunt","Singleplayer"
